Testcounter,URL,NAME,SI,PSI,DateTime,Category,Browserversion
1,https://www.youtube.com,youtube.com,967,1026,2017-11-29T16:35:11Z,1,2.33.506120 (e3e53437346286c0bc2d2dc9aa4915ba81d9023f)
2,https://www.youtube.com,youtube.com,1016,1097,2017-11-29T16:35:40Z,1,2.33.506120 (e3e53437346286c0bc2d2dc9aa4915ba81d9023f)
3,https://www.youtube.com,youtube.com,1024,1098,2017-11-29T16:36:11Z,1,2.33.506120 (e3e53437346286c0bc2d2dc9aa4915ba81d9023f)
4,https://www.youtube.com,youtube.com,1036,1116,2017-11-29T16:36:40Z,1,2.33.506120 (e3e53437346286c0bc2d2dc9aa4915ba81d9023f)
5,https://www.youtube.com,youtube.com,1017,1098,2017-11-29T16:37:11Z,1,2.33.506120 (e3e53437346286c0bc2d2dc9aa4915ba81d9023f)
6,https://www.youtube.com,youtube.com,1005,1079,2017-11-29T16:37:41Z,1,2.33.506120 (e3e53437346286c0bc2d2dc9aa4915ba81d9023f)
7,https://www.youtube.com,youtube.com,1087,1204,2017-11-29T16:38:11Z,1,2.33.506120 (e3e53437346286c0bc2d2dc9aa4915ba81d9023f)
8,https://www.youtube.com,youtube.com,1088,1223,2017-11-29T16:38:41Z,1,2.33.506120 (e3e53437346286c0bc2d2dc9aa4915ba81d9023f)
9,https://www.youtube.com,youtube.com,1107,1218,2017-11-29T16:39:13Z,1,2.33.506120 (e3e53437346286c0bc2d2dc9aa4915ba81d9023f)
10,https://www.youtube.com,youtube.com,1068,1169,2017-11-29T16:39:43Z,1,2.33.506120 (e3e53437346286c0bc2d2dc9aa4915ba81d9023f)
11,https://www.youtube.com,youtube.com,1111,1239,2017-11-29T16:40:14Z,1,2.33.506120 (e3e53437346286c0bc2d2dc9aa4915ba81d9023f)
12,https://www.youtube.com,youtube.com,3305,3296,2017-11-29T16:40:46Z,1,2.33.506120 (e3e53437346286c0bc2d2dc9aa4915ba81d9023f)
13,https://www.youtube.com,youtube.com,1079,1167,2017-11-29T16:41:20Z,1,2.33.506120 (e3e53437346286c0bc2d2dc9aa4915ba81d9023f)
14,https://www.youtube.com,youtube.com,1197,1277,2017-11-29T16:41:50Z,1,2.33.506120 (e3e53437346286c0bc2d2dc9aa4915ba81d9023f)
15,https://www.youtube.com,youtube.com,1013,1098,2017-11-29T16:42:21Z,1,2.33.506120 (e3e53437346286c0bc2d2dc9aa4915ba81d9023f)
16,https://www.youtube.com,youtube.com,1176,1231,2017-11-29T16:42:51Z,1,2.33.506120 (e3e53437346286c0bc2d2dc9aa4915ba81d9023f)
17,https://www.youtube.com,youtube.com,1003,1079,2017-11-29T16:43:22Z,1,2.33.506120 (e3e53437346286c0bc2d2dc9aa4915ba81d9023f)
18,https://www.youtube.com,youtube.com,1223,1277,2017-11-29T16:43:52Z,1,2.33.506120 (e3e53437346286c0bc2d2dc9aa4915ba81d9023f)
19,https://www.youtube.com,youtube.com,1028,1137,2017-11-29T16:44:22Z,1,2.33.506120 (e3e53437346286c0bc2d2dc9aa4915ba81d9023f)
20,https://www.youtube.com,youtube.com,1229,1431,2017-11-29T16:44:52Z,1,2.33.506120 (e3e53437346286c0bc2d2dc9aa4915ba81d9023f)
21,https://www.youtube.com,youtube.com,1065,1169,2017-11-29T16:45:25Z,1,2.33.506120 (e3e53437346286c0bc2d2dc9aa4915ba81d9023f)
22,https://www.youtube.com,youtube.com,1004,1068,2017-11-29T16:45:55Z,1,2.33.506120 (e3e53437346286c0bc2d2dc9aa4915ba81d9023f)
23,https://www.youtube.com,youtube.com,1063,1168,2017-11-29T16:46:25Z,1,2.33.506120 (e3e53437346286c0bc2d2dc9aa4915ba81d9023f)
24,https://www.youtube.com,youtube.com,1034,1132,2017-11-29T16:46:54Z,1,2.33.506120 (e3e53437346286c0bc2d2dc9aa4915ba81d9023f)
25,https://www.youtube.com,youtube.com,1011,1097,2017-11-29T16:47:24Z,1,2.33.506120 (e3e53437346286c0bc2d2dc9aa4915ba81d9023f)
26,https://www.youtube.com,youtube.com,1085,1204,2017-11-29T16:47:54Z,1,2.33.506120 (e3e53437346286c0bc2d2dc9aa4915ba81d9023f)
27,https://www.youtube.com,youtube.com,969,1047,2017-11-29T16:48:25Z,1,2.33.506120 (e3e53437346286c0bc2d2dc9aa4915ba81d9023f)
28,https://www.youtube.com,youtube.com,1011,1059,2017-11-29T16:48:55Z,1,2.33.506120 (e3e53437346286c0bc2d2dc9aa4915ba81d9023f)
29,https://www.youtube.com,youtube.com,1008,1079,2017-11-29T16:49:26Z,1,2.33.506120 (e3e53437346286c0bc2d2dc9aa4915ba81d9023f)
30,https://www.youtube.com,youtube.com,1008,1097,2017-11-29T16:49:55Z,1,2.33.506120 (e3e53437346286c0bc2d2dc9aa4915ba81d9023f)
31,https://www.youtube.com,youtube.com,1089,1219,2017-11-29T16:50:25Z,1,2.33.506120 (e3e53437346286c0bc2d2dc9aa4915ba81d9023f)
32,https://www.youtube.com,youtube.com,975,1046,2017-11-29T16:50:56Z,1,2.33.506120 (e3e53437346286c0bc2d2dc9aa4915ba81d9023f)
33,https://www.youtube.com,youtube.com,1111,1256,2017-11-29T16:51:27Z,1,2.33.506120 (e3e53437346286c0bc2d2dc9aa4915ba81d9023f)
34,https://www.youtube.com,youtube.com,1113,1238,2017-11-29T16:51:59Z,1,2.33.506120 (e3e53437346286c0bc2d2dc9aa4915ba81d9023f)
35,https://www.youtube.com,youtube.com,1190,1330,2017-11-29T16:52:30Z,1,2.33.506120 (e3e53437346286c0bc2d2dc9aa4915ba81d9023f)
36,https://www.youtube.com,youtube.com,1067,1146,2017-11-29T16:53:02Z,1,2.33.506120 (e3e53437346286c0bc2d2dc9aa4915ba81d9023f)
37,https://www.youtube.com,youtube.com,1019,1097,2017-11-29T16:53:32Z,1,2.33.506120 (e3e53437346286c0bc2d2dc9aa4915ba81d9023f)
38,https://www.youtube.com,youtube.com,1035,1095,2017-11-29T16:54:03Z,1,2.33.506120 (e3e53437346286c0bc2d2dc9aa4915ba81d9023f)
39,https://www.youtube.com,youtube.com,1034,1131,2017-11-29T16:54:33Z,1,2.33.506120 (e3e53437346286c0bc2d2dc9aa4915ba81d9023f)
40,https://www.youtube.com,youtube.com,1153,1212,2017-11-29T16:55:04Z,1,2.33.506120 (e3e53437346286c0bc2d2dc9aa4915ba81d9023f)
41,https://www.youtube.com,youtube.com,1032,1114,2017-11-29T16:55:34Z,1,2.33.506120 (e3e53437346286c0bc2d2dc9aa4915ba81d9023f)
42,https://www.youtube.com,youtube.com,968,1027,2017-11-29T16:56:04Z,1,2.33.506120 (e3e53437346286c0bc2d2dc9aa4915ba81d9023f)
43,https://www.youtube.com,youtube.com,996,1079,2017-11-29T16:56:33Z,1,2.33.506120 (e3e53437346286c0bc2d2dc9aa4915ba81d9023f)
44,https://www.youtube.com,youtube.com,1111,1239,2017-11-29T16:57:03Z,1,2.33.506120 (e3e53437346286c0bc2d2dc9aa4915ba81d9023f)
45,https://www.youtube.com,youtube.com,1288,1375,2017-11-29T16:57:35Z,1,2.33.506120 (e3e53437346286c0bc2d2dc9aa4915ba81d9023f)
46,https://www.youtube.com,youtube.com,1040,1134,2017-11-29T16:58:06Z,1,2.33.506120 (e3e53437346286c0bc2d2dc9aa4915ba81d9023f)
47,https://www.youtube.com,youtube.com,1042,1132,2017-11-29T16:58:36Z,1,2.33.506120 (e3e53437346286c0bc2d2dc9aa4915ba81d9023f)
48,https://www.youtube.com,youtube.com,1060,1168,2017-11-29T16:59:06Z,1,2.33.506120 (e3e53437346286c0bc2d2dc9aa4915ba81d9023f)
49,https://www.youtube.com,youtube.com,1021,1056,2017-11-29T16:59:35Z,1,2.33.506120 (e3e53437346286c0bc2d2dc9aa4915ba81d9023f)
50,https://www.youtube.com,youtube.com,1051,1133,2017-11-29T17:00:05Z,1,2.33.506120 (e3e53437346286c0bc2d2dc9aa4915ba81d9023f)
1,https://www.twitch.tv,twitch.tv,760,538,2017-11-29T17:00:46Z,1,2.33.506120 (e3e53437346286c0bc2d2dc9aa4915ba81d9023f)
2,https://www.twitch.tv,twitch.tv,764,564,2017-11-29T17:01:15Z,1,2.33.506120 (e3e53437346286c0bc2d2dc9aa4915ba81d9023f)
3,https://www.twitch.tv,twitch.tv,723,517,2017-11-29T17:01:43Z,1,2.33.506120 (e3e53437346286c0bc2d2dc9aa4915ba81d9023f)
4,https://www.twitch.tv,twitch.tv,760,567,2017-11-29T17:02:11Z,1,2.33.506120 (e3e53437346286c0bc2d2dc9aa4915ba81d9023f)
5,https://www.twitch.tv,twitch.tv,764,564,2017-11-29T17:02:39Z,1,2.33.506120 (e3e53437346286c0bc2d2dc9aa4915ba81d9023f)
6,https://www.twitch.tv,twitch.tv,760,538,2017-11-29T17:03:06Z,1,2.33.506120 (e3e53437346286c0bc2d2dc9aa4915ba81d9023f)
7,https://www.twitch.tv,twitch.tv,728,544,2017-11-29T17:03:35Z,1,2.33.506120 (e3e53437346286c0bc2d2dc9aa4915ba81d9023f)
8,https://www.twitch.tv,twitch.tv,764,564,2017-11-29T17:04:03Z,1,2.33.506120 (e3e53437346286c0bc2d2dc9aa4915ba81d9023f)
9,https://www.twitch.tv,twitch.tv,728,544,2017-11-29T17:04:30Z,1,2.33.506120 (e3e53437346286c0bc2d2dc9aa4915ba81d9023f)
10,https://www.twitch.tv,twitch.tv,728,544,2017-11-29T17:04:58Z,1,2.33.506120 (e3e53437346286c0bc2d2dc9aa4915ba81d9023f)
11,https://www.twitch.tv,twitch.tv,685,524,2017-11-29T17:05:26Z,1,2.33.506120 (e3e53437346286c0bc2d2dc9aa4915ba81d9023f)
12,https://www.twitch.tv,twitch.tv,713,543,2017-11-29T17:05:55Z,1,2.33.506120 (e3e53437346286c0bc2d2dc9aa4915ba81d9023f)
13,https://www.twitch.tv,twitch.tv,728,544,2017-11-29T17:06:22Z,1,2.33.506120 (e3e53437346286c0bc2d2dc9aa4915ba81d9023f)
14,https://www.twitch.tv,twitch.tv,728,544,2017-11-29T17:06:51Z,1,2.33.506120 (e3e53437346286c0bc2d2dc9aa4915ba81d9023f)
15,https://www.twitch.tv,twitch.tv,720,541,2017-11-29T17:07:19Z,1,2.33.506120 (e3e53437346286c0bc2d2dc9aa4915ba81d9023f)
16,https://www.twitch.tv,twitch.tv,717,518,2017-11-29T17:07:47Z,1,2.33.506120 (e3e53437346286c0bc2d2dc9aa4915ba81d9023f)
17,https://www.twitch.tv,twitch.tv,764,564,2017-11-29T17:08:16Z,1,2.33.506120 (e3e53437346286c0bc2d2dc9aa4915ba81d9023f)
18,https://www.twitch.tv,twitch.tv,728,544,2017-11-29T17:08:43Z,1,2.33.506120 (e3e53437346286c0bc2d2dc9aa4915ba81d9023f)
19,https://www.twitch.tv,twitch.tv,728,544,2017-11-29T17:09:12Z,1,2.33.506120 (e3e53437346286c0bc2d2dc9aa4915ba81d9023f)
20,https://www.twitch.tv,twitch.tv,761,538,2017-11-29T17:09:40Z,1,2.33.506120 (e3e53437346286c0bc2d2dc9aa4915ba81d9023f)
21,https://www.twitch.tv,twitch.tv,728,544,2017-11-29T17:10:08Z,1,2.33.506120 (e3e53437346286c0bc2d2dc9aa4915ba81d9023f)
22,https://www.twitch.tv,twitch.tv,722,544,2017-11-29T17:10:36Z,1,2.33.506120 (e3e53437346286c0bc2d2dc9aa4915ba81d9023f)
23,https://www.twitch.tv,twitch.tv,728,544,2017-11-29T17:11:05Z,1,2.33.506120 (e3e53437346286c0bc2d2dc9aa4915ba81d9023f)
24,https://www.twitch.tv,twitch.tv,780,570,2017-11-29T17:11:33Z,1,2.33.506120 (e3e53437346286c0bc2d2dc9aa4915ba81d9023f)
25,https://www.twitch.tv,twitch.tv,764,564,2017-11-29T17:12:01Z,1,2.33.506120 (e3e53437346286c0bc2d2dc9aa4915ba81d9023f)
26,https://www.twitch.tv,twitch.tv,723,517,2017-11-29T17:12:28Z,1,2.33.506120 (e3e53437346286c0bc2d2dc9aa4915ba81d9023f)
27,https://www.twitch.tv,twitch.tv,760,567,2017-11-29T17:12:58Z,1,2.33.506120 (e3e53437346286c0bc2d2dc9aa4915ba81d9023f)
28,https://www.twitch.tv,twitch.tv,728,544,2017-11-29T17:13:26Z,1,2.33.506120 (e3e53437346286c0bc2d2dc9aa4915ba81d9023f)
29,https://www.twitch.tv,twitch.tv,723,517,2017-11-29T17:13:54Z,1,2.33.506120 (e3e53437346286c0bc2d2dc9aa4915ba81d9023f)
30,https://www.twitch.tv,twitch.tv,723,517,2017-11-29T17:14:22Z,1,2.33.506120 (e3e53437346286c0bc2d2dc9aa4915ba81d9023f)
31,https://www.twitch.tv,twitch.tv,728,544,2017-11-29T17:14:51Z,1,2.33.506120 (e3e53437346286c0bc2d2dc9aa4915ba81d9023f)
32,https://www.twitch.tv,twitch.tv,723,517,2017-11-29T17:15:19Z,1,2.33.506120 (e3e53437346286c0bc2d2dc9aa4915ba81d9023f)
33,https://www.twitch.tv,twitch.tv,770,591,2017-11-29T17:15:48Z,1,2.33.506120 (e3e53437346286c0bc2d2dc9aa4915ba81d9023f)
34,https://www.twitch.tv,twitch.tv,765,565,2017-11-29T17:16:16Z,1,2.33.506120 (e3e53437346286c0bc2d2dc9aa4915ba81d9023f)
35,https://www.twitch.tv,twitch.tv,764,564,2017-11-29T17:16:44Z,1,2.33.506120 (e3e53437346286c0bc2d2dc9aa4915ba81d9023f)
36,https://www.twitch.tv,twitch.tv,728,544,2017-11-29T17:17:12Z,1,2.33.506120 (e3e53437346286c0bc2d2dc9aa4915ba81d9023f)
37,https://www.twitch.tv,twitch.tv,729,544,2017-11-29T17:17:40Z,1,2.33.506120 (e3e53437346286c0bc2d2dc9aa4915ba81d9023f)
38,https://www.twitch.tv,twitch.tv,728,544,2017-11-29T17:18:07Z,1,2.33.506120 (e3e53437346286c0bc2d2dc9aa4915ba81d9023f)
39,https://www.twitch.tv,twitch.tv,722,544,2017-11-29T17:18:36Z,1,2.33.506120 (e3e53437346286c0bc2d2dc9aa4915ba81d9023f)
40,https://www.twitch.tv,twitch.tv,723,517,2017-11-29T17:19:04Z,1,2.33.506120 (e3e53437346286c0bc2d2dc9aa4915ba81d9023f)
41,https://www.twitch.tv,twitch.tv,728,544,2017-11-29T17:19:33Z,1,2.33.506120 (e3e53437346286c0bc2d2dc9aa4915ba81d9023f)
42,https://www.twitch.tv,twitch.tv,764,564,2017-11-29T17:20:02Z,1,2.33.506120 (e3e53437346286c0bc2d2dc9aa4915ba81d9023f)
43,https://www.twitch.tv,twitch.tv,723,517,2017-11-29T17:20:29Z,1,2.33.506120 (e3e53437346286c0bc2d2dc9aa4915ba81d9023f)
44,https://www.twitch.tv,twitch.tv,724,517,2017-11-29T17:20:58Z,1,2.33.506120 (e3e53437346286c0bc2d2dc9aa4915ba81d9023f)
45,https://www.twitch.tv,twitch.tv,764,564,2017-11-29T17:21:27Z,1,2.33.506120 (e3e53437346286c0bc2d2dc9aa4915ba81d9023f)
46,https://www.twitch.tv,twitch.tv,728,544,2017-11-29T17:21:54Z,1,2.33.506120 (e3e53437346286c0bc2d2dc9aa4915ba81d9023f)
47,https://www.twitch.tv,twitch.tv,728,544,2017-11-29T17:22:22Z,1,2.33.506120 (e3e53437346286c0bc2d2dc9aa4915ba81d9023f)
48,https://www.twitch.tv,twitch.tv,728,544,2017-11-29T17:22:50Z,1,2.33.506120 (e3e53437346286c0bc2d2dc9aa4915ba81d9023f)
49,https://www.twitch.tv,twitch.tv,728,544,2017-11-29T17:23:18Z,1,2.33.506120 (e3e53437346286c0bc2d2dc9aa4915ba81d9023f)
50,https://www.twitch.tv,twitch.tv,760,567,2017-11-29T17:23:45Z,1,2.33.506120 (e3e53437346286c0bc2d2dc9aa4915ba81d9023f)
1,https://en.wikipedia.org/wiki/P-90,wikipedia.org,451,450,2017-11-29T17:24:25Z,2,2.33.506120 (e3e53437346286c0bc2d2dc9aa4915ba81d9023f)
2,https://en.wikipedia.org/wiki/P-90,wikipedia.org,451,450,2017-11-29T17:24:51Z,2,2.33.506120 (e3e53437346286c0bc2d2dc9aa4915ba81d9023f)
3,https://en.wikipedia.org/wiki/P-90,wikipedia.org,451,450,2017-11-29T17:25:17Z,2,2.33.506120 (e3e53437346286c0bc2d2dc9aa4915ba81d9023f)
4,https://en.wikipedia.org/wiki/P-90,wikipedia.org,452,450,2017-11-29T17:25:43Z,2,2.33.506120 (e3e53437346286c0bc2d2dc9aa4915ba81d9023f)
5,https://en.wikipedia.org/wiki/P-90,wikipedia.org,451,450,2017-11-29T17:26:10Z,2,2.33.506120 (e3e53437346286c0bc2d2dc9aa4915ba81d9023f)
6,https://en.wikipedia.org/wiki/P-90,wikipedia.org,402,401,2017-11-29T17:26:36Z,2,2.33.506120 (e3e53437346286c0bc2d2dc9aa4915ba81d9023f)
7,https://en.wikipedia.org/wiki/P-90,wikipedia.org,452,450,2017-11-29T17:27:02Z,2,2.33.506120 (e3e53437346286c0bc2d2dc9aa4915ba81d9023f)
8,https://en.wikipedia.org/wiki/P-90,wikipedia.org,453,451,2017-11-29T17:27:28Z,2,2.33.506120 (e3e53437346286c0bc2d2dc9aa4915ba81d9023f)
9,https://en.wikipedia.org/wiki/P-90,wikipedia.org,451,450,2017-11-29T17:27:54Z,2,2.33.506120 (e3e53437346286c0bc2d2dc9aa4915ba81d9023f)
10,https://en.wikipedia.org/wiki/P-90,wikipedia.org,451,450,2017-11-29T17:28:20Z,2,2.33.506120 (e3e53437346286c0bc2d2dc9aa4915ba81d9023f)
11,https://en.wikipedia.org/wiki/P-90,wikipedia.org,451,450,2017-11-29T17:28:46Z,2,2.33.506120 (e3e53437346286c0bc2d2dc9aa4915ba81d9023f)
12,https://en.wikipedia.org/wiki/P-90,wikipedia.org,451,450,2017-11-29T17:29:12Z,2,2.33.506120 (e3e53437346286c0bc2d2dc9aa4915ba81d9023f)
13,https://en.wikipedia.org/wiki/P-90,wikipedia.org,451,450,2017-11-29T17:29:38Z,2,2.33.506120 (e3e53437346286c0bc2d2dc9aa4915ba81d9023f)
14,https://en.wikipedia.org/wiki/P-90,wikipedia.org,451,450,2017-11-29T17:30:03Z,2,2.33.506120 (e3e53437346286c0bc2d2dc9aa4915ba81d9023f)
15,https://en.wikipedia.org/wiki/P-90,wikipedia.org,451,450,2017-11-29T17:30:29Z,2,2.33.506120 (e3e53437346286c0bc2d2dc9aa4915ba81d9023f)
16,https://en.wikipedia.org/wiki/P-90,wikipedia.org,451,450,2017-11-29T17:30:55Z,2,2.33.506120 (e3e53437346286c0bc2d2dc9aa4915ba81d9023f)
17,https://en.wikipedia.org/wiki/P-90,wikipedia.org,451,450,2017-11-29T17:31:22Z,2,2.33.506120 (e3e53437346286c0bc2d2dc9aa4915ba81d9023f)
18,https://en.wikipedia.org/wiki/P-90,wikipedia.org,451,450,2017-11-29T17:31:48Z,2,2.33.506120 (e3e53437346286c0bc2d2dc9aa4915ba81d9023f)
19,https://en.wikipedia.org/wiki/P-90,wikipedia.org,451,450,2017-11-29T17:32:14Z,2,2.33.506120 (e3e53437346286c0bc2d2dc9aa4915ba81d9023f)
20,https://en.wikipedia.org/wiki/P-90,wikipedia.org,451,450,2017-11-29T17:32:40Z,2,2.33.506120 (e3e53437346286c0bc2d2dc9aa4915ba81d9023f)
21,https://en.wikipedia.org/wiki/P-90,wikipedia.org,451,450,2017-11-29T17:33:06Z,2,2.33.506120 (e3e53437346286c0bc2d2dc9aa4915ba81d9023f)
22,https://en.wikipedia.org/wiki/P-90,wikipedia.org,451,450,2017-11-29T17:33:31Z,2,2.33.506120 (e3e53437346286c0bc2d2dc9aa4915ba81d9023f)
23,https://en.wikipedia.org/wiki/P-90,wikipedia.org,452,452,2017-11-29T17:33:58Z,2,2.33.506120 (e3e53437346286c0bc2d2dc9aa4915ba81d9023f)
24,https://en.wikipedia.org/wiki/P-90,wikipedia.org,450,450,2017-11-29T17:34:25Z,2,2.33.506120 (e3e53437346286c0bc2d2dc9aa4915ba81d9023f)
25,https://en.wikipedia.org/wiki/P-90,wikipedia.org,451,450,2017-11-29T17:34:52Z,2,2.33.506120 (e3e53437346286c0bc2d2dc9aa4915ba81d9023f)
26,https://en.wikipedia.org/wiki/P-90,wikipedia.org,451,450,2017-11-29T17:35:17Z,2,2.33.506120 (e3e53437346286c0bc2d2dc9aa4915ba81d9023f)
27,https://en.wikipedia.org/wiki/P-90,wikipedia.org,451,450,2017-11-29T17:35:43Z,2,2.33.506120 (e3e53437346286c0bc2d2dc9aa4915ba81d9023f)
28,https://en.wikipedia.org/wiki/P-90,wikipedia.org,451,450,2017-11-29T17:36:10Z,2,2.33.506120 (e3e53437346286c0bc2d2dc9aa4915ba81d9023f)
29,https://en.wikipedia.org/wiki/P-90,wikipedia.org,451,450,2017-11-29T17:36:36Z,2,2.33.506120 (e3e53437346286c0bc2d2dc9aa4915ba81d9023f)
30,https://en.wikipedia.org/wiki/P-90,wikipedia.org,451,450,2017-11-29T17:37:02Z,2,2.33.506120 (e3e53437346286c0bc2d2dc9aa4915ba81d9023f)
31,https://en.wikipedia.org/wiki/P-90,wikipedia.org,451,450,2017-11-29T17:37:28Z,2,2.33.506120 (e3e53437346286c0bc2d2dc9aa4915ba81d9023f)
32,https://en.wikipedia.org/wiki/P-90,wikipedia.org,451,450,2017-11-29T17:37:54Z,2,2.33.506120 (e3e53437346286c0bc2d2dc9aa4915ba81d9023f)
33,https://en.wikipedia.org/wiki/P-90,wikipedia.org,451,450,2017-11-29T17:38:20Z,2,2.33.506120 (e3e53437346286c0bc2d2dc9aa4915ba81d9023f)
34,https://en.wikipedia.org/wiki/P-90,wikipedia.org,451,450,2017-11-29T17:38:45Z,2,2.33.506120 (e3e53437346286c0bc2d2dc9aa4915ba81d9023f)
35,https://en.wikipedia.org/wiki/P-90,wikipedia.org,451,450,2017-11-29T17:39:12Z,2,2.33.506120 (e3e53437346286c0bc2d2dc9aa4915ba81d9023f)
36,https://en.wikipedia.org/wiki/P-90,wikipedia.org,451,450,2017-11-29T17:39:37Z,2,2.33.506120 (e3e53437346286c0bc2d2dc9aa4915ba81d9023f)
37,https://en.wikipedia.org/wiki/P-90,wikipedia.org,451,450,2017-11-29T17:40:03Z,2,2.33.506120 (e3e53437346286c0bc2d2dc9aa4915ba81d9023f)
38,https://en.wikipedia.org/wiki/P-90,wikipedia.org,451,450,2017-11-29T17:40:29Z,2,2.33.506120 (e3e53437346286c0bc2d2dc9aa4915ba81d9023f)
39,https://en.wikipedia.org/wiki/P-90,wikipedia.org,451,450,2017-11-29T17:40:55Z,2,2.33.506120 (e3e53437346286c0bc2d2dc9aa4915ba81d9023f)
40,https://en.wikipedia.org/wiki/P-90,wikipedia.org,451,450,2017-11-29T17:41:21Z,2,2.33.506120 (e3e53437346286c0bc2d2dc9aa4915ba81d9023f)
41,https://en.wikipedia.org/wiki/P-90,wikipedia.org,451,450,2017-11-29T17:41:47Z,2,2.33.506120 (e3e53437346286c0bc2d2dc9aa4915ba81d9023f)
42,https://en.wikipedia.org/wiki/P-90,wikipedia.org,451,450,2017-11-29T17:42:14Z,2,2.33.506120 (e3e53437346286c0bc2d2dc9aa4915ba81d9023f)
43,https://en.wikipedia.org/wiki/P-90,wikipedia.org,451,450,2017-11-29T17:42:40Z,2,2.33.506120 (e3e53437346286c0bc2d2dc9aa4915ba81d9023f)
44,https://en.wikipedia.org/wiki/P-90,wikipedia.org,451,450,2017-11-29T17:43:05Z,2,2.33.506120 (e3e53437346286c0bc2d2dc9aa4915ba81d9023f)
45,https://en.wikipedia.org/wiki/P-90,wikipedia.org,451,450,2017-11-29T17:43:31Z,2,2.33.506120 (e3e53437346286c0bc2d2dc9aa4915ba81d9023f)
46,https://en.wikipedia.org/wiki/P-90,wikipedia.org,451,450,2017-11-29T17:43:57Z,2,2.33.506120 (e3e53437346286c0bc2d2dc9aa4915ba81d9023f)
47,https://en.wikipedia.org/wiki/P-90,wikipedia.org,451,450,2017-11-29T17:44:23Z,2,2.33.506120 (e3e53437346286c0bc2d2dc9aa4915ba81d9023f)
48,https://en.wikipedia.org/wiki/P-90,wikipedia.org,451,450,2017-11-29T17:44:49Z,2,2.33.506120 (e3e53437346286c0bc2d2dc9aa4915ba81d9023f)
49,https://en.wikipedia.org/wiki/P-90,wikipedia.org,452,451,2017-11-29T17:45:15Z,2,2.33.506120 (e3e53437346286c0bc2d2dc9aa4915ba81d9023f)
50,https://en.wikipedia.org/wiki/P-90,wikipedia.org,451,450,2017-11-29T17:45:41Z,2,2.33.506120 (e3e53437346286c0bc2d2dc9aa4915ba81d9023f)
1,https://www.computerbase.de/2017-11/ati-radeon-9500-test-rueckblick/,computerbase.de,604,600,2017-11-29T17:46:19Z,2,2.33.506120 (e3e53437346286c0bc2d2dc9aa4915ba81d9023f)
2,https://www.computerbase.de/2017-11/ati-radeon-9500-test-rueckblick/,computerbase.de,555,550,2017-11-29T17:46:46Z,2,2.33.506120 (e3e53437346286c0bc2d2dc9aa4915ba81d9023f)
3,https://www.computerbase.de/2017-11/ati-radeon-9500-test-rueckblick/,computerbase.de,605,600,2017-11-29T17:47:12Z,2,2.33.506120 (e3e53437346286c0bc2d2dc9aa4915ba81d9023f)
4,https://www.computerbase.de/2017-11/ati-radeon-9500-test-rueckblick/,computerbase.de,554,550,2017-11-29T17:47:40Z,2,2.33.506120 (e3e53437346286c0bc2d2dc9aa4915ba81d9023f)
5,https://www.computerbase.de/2017-11/ati-radeon-9500-test-rueckblick/,computerbase.de,555,550,2017-11-29T17:48:07Z,2,2.33.506120 (e3e53437346286c0bc2d2dc9aa4915ba81d9023f)
6,https://www.computerbase.de/2017-11/ati-radeon-9500-test-rueckblick/,computerbase.de,552,550,2017-11-29T17:48:34Z,2,2.33.506120 (e3e53437346286c0bc2d2dc9aa4915ba81d9023f)
7,https://www.computerbase.de/2017-11/ati-radeon-9500-test-rueckblick/,computerbase.de,555,550,2017-11-29T17:49:01Z,2,2.33.506120 (e3e53437346286c0bc2d2dc9aa4915ba81d9023f)
8,https://www.computerbase.de/2017-11/ati-radeon-9500-test-rueckblick/,computerbase.de,555,550,2017-11-29T17:49:28Z,2,2.33.506120 (e3e53437346286c0bc2d2dc9aa4915ba81d9023f)
9,https://www.computerbase.de/2017-11/ati-radeon-9500-test-rueckblick/,computerbase.de,552,550,2017-11-29T17:49:56Z,2,2.33.506120 (e3e53437346286c0bc2d2dc9aa4915ba81d9023f)
10,https://www.computerbase.de/2017-11/ati-radeon-9500-test-rueckblick/,computerbase.de,556,550,2017-11-29T17:50:23Z,2,2.33.506120 (e3e53437346286c0bc2d2dc9aa4915ba81d9023f)
11,https://www.computerbase.de/2017-11/ati-radeon-9500-test-rueckblick/,computerbase.de,552,550,2017-11-29T17:50:50Z,2,2.33.506120 (e3e53437346286c0bc2d2dc9aa4915ba81d9023f)
12,https://www.computerbase.de/2017-11/ati-radeon-9500-test-rueckblick/,computerbase.de,555,550,2017-11-29T17:51:17Z,2,2.33.506120 (e3e53437346286c0bc2d2dc9aa4915ba81d9023f)
13,https://www.computerbase.de/2017-11/ati-radeon-9500-test-rueckblick/,computerbase.de,552,550,2017-11-29T17:51:44Z,2,2.33.506120 (e3e53437346286c0bc2d2dc9aa4915ba81d9023f)
14,https://www.computerbase.de/2017-11/ati-radeon-9500-test-rueckblick/,computerbase.de,552,550,2017-11-29T17:52:11Z,2,2.33.506120 (e3e53437346286c0bc2d2dc9aa4915ba81d9023f)
15,https://www.computerbase.de/2017-11/ati-radeon-9500-test-rueckblick/,computerbase.de,555,550,2017-11-29T17:52:38Z,2,2.33.506120 (e3e53437346286c0bc2d2dc9aa4915ba81d9023f)
16,https://www.computerbase.de/2017-11/ati-radeon-9500-test-rueckblick/,computerbase.de,559,553,2017-11-29T17:53:05Z,2,2.33.506120 (e3e53437346286c0bc2d2dc9aa4915ba81d9023f)
17,https://www.computerbase.de/2017-11/ati-radeon-9500-test-rueckblick/,computerbase.de,555,550,2017-11-29T17:53:33Z,2,2.33.506120 (e3e53437346286c0bc2d2dc9aa4915ba81d9023f)
18,https://www.computerbase.de/2017-11/ati-radeon-9500-test-rueckblick/,computerbase.de,562,555,2017-11-29T17:54:01Z,2,2.33.506120 (e3e53437346286c0bc2d2dc9aa4915ba81d9023f)
19,https://www.computerbase.de/2017-11/ati-radeon-9500-test-rueckblick/,computerbase.de,556,550,2017-11-29T17:54:29Z,2,2.33.506120 (e3e53437346286c0bc2d2dc9aa4915ba81d9023f)
20,https://www.computerbase.de/2017-11/ati-radeon-9500-test-rueckblick/,computerbase.de,555,550,2017-11-29T17:54:56Z,2,2.33.506120 (e3e53437346286c0bc2d2dc9aa4915ba81d9023f)
21,https://www.computerbase.de/2017-11/ati-radeon-9500-test-rueckblick/,computerbase.de,552,550,2017-11-29T17:55:23Z,2,2.33.506120 (e3e53437346286c0bc2d2dc9aa4915ba81d9023f)
22,https://www.computerbase.de/2017-11/ati-radeon-9500-test-rueckblick/,computerbase.de,552,550,2017-11-29T17:55:50Z,2,2.33.506120 (e3e53437346286c0bc2d2dc9aa4915ba81d9023f)
23,https://www.computerbase.de/2017-11/ati-radeon-9500-test-rueckblick/,computerbase.de,555,550,2017-11-29T17:56:18Z,2,2.33.506120 (e3e53437346286c0bc2d2dc9aa4915ba81d9023f)
24,https://www.computerbase.de/2017-11/ati-radeon-9500-test-rueckblick/,computerbase.de,555,550,2017-11-29T17:56:45Z,2,2.33.506120 (e3e53437346286c0bc2d2dc9aa4915ba81d9023f)
25,https://www.computerbase.de/2017-11/ati-radeon-9500-test-rueckblick/,computerbase.de,554,550,2017-11-29T17:57:12Z,2,2.33.506120 (e3e53437346286c0bc2d2dc9aa4915ba81d9023f)
26,https://www.computerbase.de/2017-11/ati-radeon-9500-test-rueckblick/,computerbase.de,553,550,2017-11-29T17:57:40Z,2,2.33.506120 (e3e53437346286c0bc2d2dc9aa4915ba81d9023f)
27,https://www.computerbase.de/2017-11/ati-radeon-9500-test-rueckblick/,computerbase.de,555,550,2017-11-29T17:58:07Z,2,2.33.506120 (e3e53437346286c0bc2d2dc9aa4915ba81d9023f)
28,https://www.computerbase.de/2017-11/ati-radeon-9500-test-rueckblick/,computerbase.de,555,550,2017-11-29T17:58:34Z,2,2.33.506120 (e3e53437346286c0bc2d2dc9aa4915ba81d9023f)
29,https://www.computerbase.de/2017-11/ati-radeon-9500-test-rueckblick/,computerbase.de,555,550,2017-11-29T17:59:02Z,2,2.33.506120 (e3e53437346286c0bc2d2dc9aa4915ba81d9023f)
30,https://www.computerbase.de/2017-11/ati-radeon-9500-test-rueckblick/,computerbase.de,555,550,2017-11-29T17:59:29Z,2,2.33.506120 (e3e53437346286c0bc2d2dc9aa4915ba81d9023f)
31,https://www.computerbase.de/2017-11/ati-radeon-9500-test-rueckblick/,computerbase.de,554,550,2017-11-29T17:59:56Z,2,2.33.506120 (e3e53437346286c0bc2d2dc9aa4915ba81d9023f)
32,https://www.computerbase.de/2017-11/ati-radeon-9500-test-rueckblick/,computerbase.de,551,550,2017-11-29T18:00:23Z,2,2.33.506120 (e3e53437346286c0bc2d2dc9aa4915ba81d9023f)
33,https://www.computerbase.de/2017-11/ati-radeon-9500-test-rueckblick/,computerbase.de,555,550,2017-11-29T18:00:50Z,2,2.33.506120 (e3e53437346286c0bc2d2dc9aa4915ba81d9023f)
34,https://www.computerbase.de/2017-11/ati-radeon-9500-test-rueckblick/,computerbase.de,554,550,2017-11-29T18:01:17Z,2,2.33.506120 (e3e53437346286c0bc2d2dc9aa4915ba81d9023f)
35,https://www.computerbase.de/2017-11/ati-radeon-9500-test-rueckblick/,computerbase.de,554,550,2017-11-29T18:01:44Z,2,2.33.506120 (e3e53437346286c0bc2d2dc9aa4915ba81d9023f)
36,https://www.computerbase.de/2017-11/ati-radeon-9500-test-rueckblick/,computerbase.de,552,550,2017-11-29T18:02:11Z,2,2.33.506120 (e3e53437346286c0bc2d2dc9aa4915ba81d9023f)
37,https://www.computerbase.de/2017-11/ati-radeon-9500-test-rueckblick/,computerbase.de,558,553,2017-11-29T18:02:38Z,2,2.33.506120 (e3e53437346286c0bc2d2dc9aa4915ba81d9023f)
38,https://www.computerbase.de/2017-11/ati-radeon-9500-test-rueckblick/,computerbase.de,604,600,2017-11-29T18:03:05Z,2,2.33.506120 (e3e53437346286c0bc2d2dc9aa4915ba81d9023f)
39,https://www.computerbase.de/2017-11/ati-radeon-9500-test-rueckblick/,computerbase.de,557,550,2017-11-29T18:03:32Z,2,2.33.506120 (e3e53437346286c0bc2d2dc9aa4915ba81d9023f)
40,https://www.computerbase.de/2017-11/ati-radeon-9500-test-rueckblick/,computerbase.de,555,550,2017-11-29T18:04:00Z,2,2.33.506120 (e3e53437346286c0bc2d2dc9aa4915ba81d9023f)
41,https://www.computerbase.de/2017-11/ati-radeon-9500-test-rueckblick/,computerbase.de,554,550,2017-11-29T18:04:28Z,2,2.33.506120 (e3e53437346286c0bc2d2dc9aa4915ba81d9023f)
42,https://www.computerbase.de/2017-11/ati-radeon-9500-test-rueckblick/,computerbase.de,555,550,2017-11-29T18:04:55Z,2,2.33.506120 (e3e53437346286c0bc2d2dc9aa4915ba81d9023f)
43,https://www.computerbase.de/2017-11/ati-radeon-9500-test-rueckblick/,computerbase.de,555,550,2017-11-29T18:05:23Z,2,2.33.506120 (e3e53437346286c0bc2d2dc9aa4915ba81d9023f)
44,https://www.computerbase.de/2017-11/ati-radeon-9500-test-rueckblick/,computerbase.de,556,550,2017-11-29T18:05:50Z,2,2.33.506120 (e3e53437346286c0bc2d2dc9aa4915ba81d9023f)
45,https://www.computerbase.de/2017-11/ati-radeon-9500-test-rueckblick/,computerbase.de,555,550,2017-11-29T18:06:17Z,2,2.33.506120 (e3e53437346286c0bc2d2dc9aa4915ba81d9023f)
46,https://www.computerbase.de/2017-11/ati-radeon-9500-test-rueckblick/,computerbase.de,555,550,2017-11-29T18:06:44Z,2,2.33.506120 (e3e53437346286c0bc2d2dc9aa4915ba81d9023f)
47,https://www.computerbase.de/2017-11/ati-radeon-9500-test-rueckblick/,computerbase.de,555,550,2017-11-29T18:07:12Z,2,2.33.506120 (e3e53437346286c0bc2d2dc9aa4915ba81d9023f)
48,https://www.computerbase.de/2017-11/ati-radeon-9500-test-rueckblick/,computerbase.de,553,550,2017-11-29T18:07:39Z,2,2.33.506120 (e3e53437346286c0bc2d2dc9aa4915ba81d9023f)
49,https://www.computerbase.de/2017-11/ati-radeon-9500-test-rueckblick/,computerbase.de,554,550,2017-11-29T18:08:07Z,2,2.33.506120 (e3e53437346286c0bc2d2dc9aa4915ba81d9023f)
50,https://www.computerbase.de/2017-11/ati-radeon-9500-test-rueckblick/,computerbase.de,555,550,2017-11-29T18:08:34Z,2,2.33.506120 (e3e53437346286c0bc2d2dc9aa4915ba81d9023f)
1,https://www.amazon.com/dp/B016Y2BVKA/,amazon.com,945,889,2017-11-29T18:09:13Z,3,2.33.506120 (e3e53437346286c0bc2d2dc9aa4915ba81d9023f)
2,https://www.amazon.com/dp/B016Y2BVKA/,amazon.com,884,816,2017-11-29T18:09:54Z,3,2.33.506120 (e3e53437346286c0bc2d2dc9aa4915ba81d9023f)
3,https://www.amazon.com/dp/B016Y2BVKA/,amazon.com,1001,960,2017-11-29T18:10:37Z,3,2.33.506120 (e3e53437346286c0bc2d2dc9aa4915ba81d9023f)
4,https://www.amazon.com/dp/B016Y2BVKA/,amazon.com,982,911,2017-11-29T18:11:21Z,3,2.33.506120 (e3e53437346286c0bc2d2dc9aa4915ba81d9023f)
5,https://www.amazon.com/dp/B016Y2BVKA/,amazon.com,1030,996,2017-11-29T18:12:02Z,3,2.33.506120 (e3e53437346286c0bc2d2dc9aa4915ba81d9023f)
6,https://www.amazon.com/dp/B016Y2BVKA/,amazon.com,967,905,2017-11-29T18:12:46Z,3,2.33.506120 (e3e53437346286c0bc2d2dc9aa4915ba81d9023f)
7,https://www.amazon.com/dp/B016Y2BVKA/,amazon.com,952,914,2017-11-29T18:13:29Z,3,2.33.506120 (e3e53437346286c0bc2d2dc9aa4915ba81d9023f)
8,https://www.amazon.com/dp/B016Y2BVKA/,amazon.com,977,940,2017-11-29T18:14:11Z,3,2.33.506120 (e3e53437346286c0bc2d2dc9aa4915ba81d9023f)
9,https://www.amazon.com/dp/B016Y2BVKA/,amazon.com,844,797,2017-11-29T18:14:53Z,3,2.33.506120 (e3e53437346286c0bc2d2dc9aa4915ba81d9023f)
10,https://www.amazon.com/dp/B016Y2BVKA/,amazon.com,921,859,2017-11-29T18:15:34Z,3,2.33.506120 (e3e53437346286c0bc2d2dc9aa4915ba81d9023f)
11,https://www.amazon.com/dp/B016Y2BVKA/,amazon.com,890,827,2017-11-29T18:16:18Z,3,2.33.506120 (e3e53437346286c0bc2d2dc9aa4915ba81d9023f)
12,https://www.amazon.com/dp/B016Y2BVKA/,amazon.com,1045,940,2017-11-29T18:17:00Z,3,2.33.506120 (e3e53437346286c0bc2d2dc9aa4915ba81d9023f)
13,https://www.amazon.com/dp/B016Y2BVKA/,amazon.com,1098,1038,2017-11-29T18:17:44Z,3,2.33.506120 (e3e53437346286c0bc2d2dc9aa4915ba81d9023f)
14,https://www.amazon.com/dp/B016Y2BVKA/,amazon.com,1163,1126,2017-11-29T18:18:28Z,3,2.33.506120 (e3e53437346286c0bc2d2dc9aa4915ba81d9023f)
15,https://www.amazon.com/dp/B016Y2BVKA/,amazon.com,954,891,2017-11-29T18:19:10Z,3,2.33.506120 (e3e53437346286c0bc2d2dc9aa4915ba81d9023f)
16,https://www.amazon.com/dp/B016Y2BVKA/,amazon.com,1008,954,2017-11-29T18:19:53Z,3,2.33.506120 (e3e53437346286c0bc2d2dc9aa4915ba81d9023f)
17,https://www.amazon.com/dp/B016Y2BVKA/,amazon.com,928,832,2017-11-29T18:20:35Z,3,2.33.506120 (e3e53437346286c0bc2d2dc9aa4915ba81d9023f)
18,https://www.amazon.com/dp/B016Y2BVKA/,amazon.com,1039,965,2017-11-29T18:21:20Z,3,2.33.506120 (e3e53437346286c0bc2d2dc9aa4915ba81d9023f)
19,https://www.amazon.com/dp/B016Y2BVKA/,amazon.com,963,887,2017-11-29T18:22:03Z,3,2.33.506120 (e3e53437346286c0bc2d2dc9aa4915ba81d9023f)
20,https://www.amazon.com/dp/B016Y2BVKA/,amazon.com,915,851,2017-11-29T18:22:47Z,3,2.33.506120 (e3e53437346286c0bc2d2dc9aa4915ba81d9023f)
21,https://www.amazon.com/dp/B016Y2BVKA/,amazon.com,839,815,2017-11-29T18:23:28Z,3,2.33.506120 (e3e53437346286c0bc2d2dc9aa4915ba81d9023f)
22,https://www.amazon.com/dp/B016Y2BVKA/,amazon.com,968,930,2017-11-29T18:24:11Z,3,2.33.506120 (e3e53437346286c0bc2d2dc9aa4915ba81d9023f)
23,https://www.amazon.com/dp/B016Y2BVKA/,amazon.com,920,850,2017-11-29T18:24:53Z,3,2.33.506120 (e3e53437346286c0bc2d2dc9aa4915ba81d9023f)
24,https://www.amazon.com/dp/B016Y2BVKA/,amazon.com,913,827,2017-11-29T18:25:36Z,3,2.33.506120 (e3e53437346286c0bc2d2dc9aa4915ba81d9023f)
25,https://www.amazon.com/dp/B016Y2BVKA/,amazon.com,1019,906,2017-11-29T18:26:17Z,3,2.33.506120 (e3e53437346286c0bc2d2dc9aa4915ba81d9023f)
26,https://www.amazon.com/dp/B016Y2BVKA/,amazon.com,996,821,2017-11-29T18:27:02Z,3,2.33.506120 (e3e53437346286c0bc2d2dc9aa4915ba81d9023f)
27,https://www.amazon.com/dp/B016Y2BVKA/,amazon.com,889,876,2017-11-29T18:27:59Z,3,2.33.506120 (e3e53437346286c0bc2d2dc9aa4915ba81d9023f)
28,https://www.amazon.com/dp/B016Y2BVKA/,amazon.com,936,907,2017-11-29T18:28:41Z,3,2.33.506120 (e3e53437346286c0bc2d2dc9aa4915ba81d9023f)
29,https://www.amazon.com/dp/B016Y2BVKA/,amazon.com,1176,1136,2017-11-29T18:29:24Z,3,2.33.506120 (e3e53437346286c0bc2d2dc9aa4915ba81d9023f)
30,https://www.amazon.com/dp/B016Y2BVKA/,amazon.com,983,873,2017-11-29T18:30:05Z,3,2.33.506120 (e3e53437346286c0bc2d2dc9aa4915ba81d9023f)
31,https://www.amazon.com/dp/B016Y2BVKA/,amazon.com,961,901,2017-11-29T18:30:46Z,3,2.33.506120 (e3e53437346286c0bc2d2dc9aa4915ba81d9023f)
32,https://www.amazon.com/dp/B016Y2BVKA/,amazon.com,1024,910,2017-11-29T18:31:32Z,3,2.33.506120 (e3e53437346286c0bc2d2dc9aa4915ba81d9023f)
33,https://www.amazon.com/dp/B016Y2BVKA/,amazon.com,928,867,2017-11-29T18:32:16Z,3,2.33.506120 (e3e53437346286c0bc2d2dc9aa4915ba81d9023f)
34,https://www.amazon.com/dp/B016Y2BVKA/,amazon.com,929,865,2017-11-29T18:32:57Z,3,2.33.506120 (e3e53437346286c0bc2d2dc9aa4915ba81d9023f)
35,https://www.amazon.com/dp/B016Y2BVKA/,amazon.com,981,909,2017-11-29T18:33:41Z,3,2.33.506120 (e3e53437346286c0bc2d2dc9aa4915ba81d9023f)
36,https://www.amazon.com/dp/B016Y2BVKA/,amazon.com,1019,983,2017-11-29T18:34:25Z,3,2.33.506120 (e3e53437346286c0bc2d2dc9aa4915ba81d9023f)
37,https://www.amazon.com/dp/B016Y2BVKA/,amazon.com,1000,918,2017-11-29T18:35:07Z,3,2.33.506120 (e3e53437346286c0bc2d2dc9aa4915ba81d9023f)
38,https://www.amazon.com/dp/B016Y2BVKA/,amazon.com,950,882,2017-11-29T18:35:48Z,3,2.33.506120 (e3e53437346286c0bc2d2dc9aa4915ba81d9023f)
39,https://www.amazon.com/dp/B016Y2BVKA/,amazon.com,1126,1102,2017-11-29T18:36:29Z,3,2.33.506120 (e3e53437346286c0bc2d2dc9aa4915ba81d9023f)
40,https://www.amazon.com/dp/B016Y2BVKA/,amazon.com,882,855,2017-11-29T18:37:11Z,3,2.33.506120 (e3e53437346286c0bc2d2dc9aa4915ba81d9023f)
41,https://www.amazon.com/dp/B016Y2BVKA/,amazon.com,873,848,2017-11-29T18:37:53Z,3,2.33.506120 (e3e53437346286c0bc2d2dc9aa4915ba81d9023f)
42,https://www.amazon.com/dp/B016Y2BVKA/,amazon.com,967,853,2017-11-29T18:38:40Z,3,2.33.506120 (e3e53437346286c0bc2d2dc9aa4915ba81d9023f)
43,https://www.amazon.com/dp/B016Y2BVKA/,amazon.com,944,889,2017-11-29T18:39:22Z,3,2.33.506120 (e3e53437346286c0bc2d2dc9aa4915ba81d9023f)
44,https://www.amazon.com/dp/B016Y2BVKA/,amazon.com,880,821,2017-11-29T18:40:03Z,3,2.33.506120 (e3e53437346286c0bc2d2dc9aa4915ba81d9023f)
45,https://www.amazon.com/dp/B016Y2BVKA/,amazon.com,1056,966,2017-11-29T18:40:47Z,3,2.33.506120 (e3e53437346286c0bc2d2dc9aa4915ba81d9023f)
46,https://www.amazon.com/dp/B016Y2BVKA/,amazon.com,867,876,2017-11-29T18:41:34Z,3,2.33.506120 (e3e53437346286c0bc2d2dc9aa4915ba81d9023f)
47,https://www.amazon.com/dp/B016Y2BVKA/,amazon.com,915,851,2017-11-29T18:42:19Z,3,2.33.506120 (e3e53437346286c0bc2d2dc9aa4915ba81d9023f)
48,https://www.amazon.com/dp/B016Y2BVKA/,amazon.com,1274,1240,2017-11-29T18:43:01Z,3,2.33.506120 (e3e53437346286c0bc2d2dc9aa4915ba81d9023f)
49,https://www.amazon.com/dp/B016Y2BVKA/,amazon.com,945,922,2017-11-29T18:43:43Z,3,2.33.506120 (e3e53437346286c0bc2d2dc9aa4915ba81d9023f)
50,https://www.amazon.com/dp/B016Y2BVKA/,amazon.com,1136,1111,2017-11-29T18:44:26Z,3,2.33.506120 (e3e53437346286c0bc2d2dc9aa4915ba81d9023f)
1,https://www.zalando.de/tamaris-snowbootwinterstiefel-graphite-ta111y02o-c11.html,zalando.de,997,945,2017-11-29T18:45:21Z,3,2.33.506120 (e3e53437346286c0bc2d2dc9aa4915ba81d9023f)
2,https://www.zalando.de/tamaris-snowbootwinterstiefel-graphite-ta111y02o-c11.html,zalando.de,823,873,2017-11-29T18:45:54Z,3,2.33.506120 (e3e53437346286c0bc2d2dc9aa4915ba81d9023f)
3,https://www.zalando.de/tamaris-snowbootwinterstiefel-graphite-ta111y02o-c11.html,zalando.de,867,1005,2017-11-29T18:46:25Z,3,2.33.506120 (e3e53437346286c0bc2d2dc9aa4915ba81d9023f)
4,https://www.zalando.de/tamaris-snowbootwinterstiefel-graphite-ta111y02o-c11.html,zalando.de,836,1169,2017-11-29T18:46:58Z,3,2.33.506120 (e3e53437346286c0bc2d2dc9aa4915ba81d9023f)
5,https://www.zalando.de/tamaris-snowbootwinterstiefel-graphite-ta111y02o-c11.html,zalando.de,821,1152,2017-11-29T18:47:30Z,3,2.33.506120 (e3e53437346286c0bc2d2dc9aa4915ba81d9023f)
6,https://www.zalando.de/tamaris-snowbootwinterstiefel-graphite-ta111y02o-c11.html,zalando.de,805,866,2017-11-29T18:48:01Z,3,2.33.506120 (e3e53437346286c0bc2d2dc9aa4915ba81d9023f)
7,https://www.zalando.de/tamaris-snowbootwinterstiefel-graphite-ta111y02o-c11.html,zalando.de,847,849,2017-11-29T18:48:32Z,3,2.33.506120 (e3e53437346286c0bc2d2dc9aa4915ba81d9023f)
8,https://www.zalando.de/tamaris-snowbootwinterstiefel-graphite-ta111y02o-c11.html,zalando.de,1145,1146,2017-11-29T18:49:04Z,3,2.33.506120 (e3e53437346286c0bc2d2dc9aa4915ba81d9023f)
9,https://www.zalando.de/tamaris-snowbootwinterstiefel-graphite-ta111y02o-c11.html,zalando.de,872,1204,2017-11-29T18:49:36Z,3,2.33.506120 (e3e53437346286c0bc2d2dc9aa4915ba81d9023f)
10,https://www.zalando.de/tamaris-snowbootwinterstiefel-graphite-ta111y02o-c11.html,zalando.de,869,1078,2017-11-29T18:50:07Z,3,2.33.506120 (e3e53437346286c0bc2d2dc9aa4915ba81d9023f)
11,https://www.zalando.de/tamaris-snowbootwinterstiefel-graphite-ta111y02o-c11.html,zalando.de,960,769,2017-11-29T18:50:40Z,3,2.33.506120 (e3e53437346286c0bc2d2dc9aa4915ba81d9023f)
12,https://www.zalando.de/tamaris-snowbootwinterstiefel-graphite-ta111y02o-c11.html,zalando.de,875,944,2017-11-29T18:51:12Z,3,2.33.506120 (e3e53437346286c0bc2d2dc9aa4915ba81d9023f)
13,https://www.zalando.de/tamaris-snowbootwinterstiefel-graphite-ta111y02o-c11.html,zalando.de,847,887,2017-11-29T18:51:45Z,3,2.33.506120 (e3e53437346286c0bc2d2dc9aa4915ba81d9023f)
14,https://www.zalando.de/tamaris-snowbootwinterstiefel-graphite-ta111y02o-c11.html,zalando.de,771,841,2017-11-29T18:52:18Z,3,2.33.506120 (e3e53437346286c0bc2d2dc9aa4915ba81d9023f)
15,https://www.zalando.de/tamaris-snowbootwinterstiefel-graphite-ta111y02o-c11.html,zalando.de,778,1114,2017-11-29T18:52:50Z,3,2.33.506120 (e3e53437346286c0bc2d2dc9aa4915ba81d9023f)
16,https://www.zalando.de/tamaris-snowbootwinterstiefel-graphite-ta111y02o-c11.html,zalando.de,867,1132,2017-11-29T18:53:22Z,3,2.33.506120 (e3e53437346286c0bc2d2dc9aa4915ba81d9023f)
17,https://www.zalando.de/tamaris-snowbootwinterstiefel-graphite-ta111y02o-c11.html,zalando.de,1009,1141,2017-11-29T18:53:53Z,3,2.33.506120 (e3e53437346286c0bc2d2dc9aa4915ba81d9023f)
18,https://www.zalando.de/tamaris-snowbootwinterstiefel-graphite-ta111y02o-c11.html,zalando.de,744,1063,2017-11-29T18:54:25Z,3,2.33.506120 (e3e53437346286c0bc2d2dc9aa4915ba81d9023f)
19,https://www.zalando.de/tamaris-snowbootwinterstiefel-graphite-ta111y02o-c11.html,zalando.de,802,853,2017-11-29T18:54:58Z,3,2.33.506120 (e3e53437346286c0bc2d2dc9aa4915ba81d9023f)
20,https://www.zalando.de/tamaris-snowbootwinterstiefel-graphite-ta111y02o-c11.html,zalando.de,833,1227,2017-11-29T18:55:30Z,3,2.33.506120 (e3e53437346286c0bc2d2dc9aa4915ba81d9023f)
21,https://www.zalando.de/tamaris-snowbootwinterstiefel-graphite-ta111y02o-c11.html,zalando.de,896,596,2017-11-29T18:56:03Z,3,2.33.506120 (e3e53437346286c0bc2d2dc9aa4915ba81d9023f)
22,https://www.zalando.de/tamaris-snowbootwinterstiefel-graphite-ta111y02o-c11.html,zalando.de,894,703,2017-11-29T18:56:36Z,3,2.33.506120 (e3e53437346286c0bc2d2dc9aa4915ba81d9023f)
23,https://www.zalando.de/tamaris-snowbootwinterstiefel-graphite-ta111y02o-c11.html,zalando.de,903,962,2017-11-29T18:57:07Z,3,2.33.506120 (e3e53437346286c0bc2d2dc9aa4915ba81d9023f)
24,https://www.zalando.de/tamaris-snowbootwinterstiefel-graphite-ta111y02o-c11.html,zalando.de,844,1226,2017-11-29T18:57:39Z,3,2.33.506120 (e3e53437346286c0bc2d2dc9aa4915ba81d9023f)
25,https://www.zalando.de/tamaris-snowbootwinterstiefel-graphite-ta111y02o-c11.html,zalando.de,739,1024,2017-11-29T18:58:12Z,3,2.33.506120 (e3e53437346286c0bc2d2dc9aa4915ba81d9023f)
26,https://www.zalando.de/tamaris-snowbootwinterstiefel-graphite-ta111y02o-c11.html,zalando.de,701,1087,2017-11-29T18:58:44Z,3,2.33.506120 (e3e53437346286c0bc2d2dc9aa4915ba81d9023f)
27,https://www.zalando.de/tamaris-snowbootwinterstiefel-graphite-ta111y02o-c11.html,zalando.de,793,997,2017-11-29T18:59:17Z,3,2.33.506120 (e3e53437346286c0bc2d2dc9aa4915ba81d9023f)
28,https://www.zalando.de/tamaris-snowbootwinterstiefel-graphite-ta111y02o-c11.html,zalando.de,1042,984,2017-11-29T18:59:51Z,3,2.33.506120 (e3e53437346286c0bc2d2dc9aa4915ba81d9023f)
29,https://www.zalando.de/tamaris-snowbootwinterstiefel-graphite-ta111y02o-c11.html,zalando.de,850,1223,2017-11-29T19:00:23Z,3,2.33.506120 (e3e53437346286c0bc2d2dc9aa4915ba81d9023f)
30,https://www.zalando.de/tamaris-snowbootwinterstiefel-graphite-ta111y02o-c11.html,zalando.de,1131,1520,2017-11-29T19:00:56Z,3,2.33.506120 (e3e53437346286c0bc2d2dc9aa4915ba81d9023f)
31,https://www.zalando.de/tamaris-snowbootwinterstiefel-graphite-ta111y02o-c11.html,zalando.de,834,1150,2017-11-29T19:01:30Z,3,2.33.506120 (e3e53437346286c0bc2d2dc9aa4915ba81d9023f)
32,https://www.zalando.de/tamaris-snowbootwinterstiefel-graphite-ta111y02o-c11.html,zalando.de,816,804,2017-11-29T19:02:01Z,3,2.33.506120 (e3e53437346286c0bc2d2dc9aa4915ba81d9023f)
33,https://www.zalando.de/tamaris-snowbootwinterstiefel-graphite-ta111y02o-c11.html,zalando.de,983,1153,2017-11-29T19:02:33Z,3,2.33.506120 (e3e53437346286c0bc2d2dc9aa4915ba81d9023f)
34,https://www.zalando.de/tamaris-snowbootwinterstiefel-graphite-ta111y02o-c11.html,zalando.de,820,1169,2017-11-29T19:03:03Z,3,2.33.506120 (e3e53437346286c0bc2d2dc9aa4915ba81d9023f)
35,https://www.zalando.de/tamaris-snowbootwinterstiefel-graphite-ta111y02o-c11.html,zalando.de,837,993,2017-11-29T19:03:34Z,3,2.33.506120 (e3e53437346286c0bc2d2dc9aa4915ba81d9023f)
36,https://www.zalando.de/tamaris-snowbootwinterstiefel-graphite-ta111y02o-c11.html,zalando.de,766,999,2017-11-29T19:04:07Z,3,2.33.506120 (e3e53437346286c0bc2d2dc9aa4915ba81d9023f)
37,https://www.zalando.de/tamaris-snowbootwinterstiefel-graphite-ta111y02o-c11.html,zalando.de,887,1041,2017-11-29T19:04:39Z,3,2.33.506120 (e3e53437346286c0bc2d2dc9aa4915ba81d9023f)
38,https://www.zalando.de/tamaris-snowbootwinterstiefel-graphite-ta111y02o-c11.html,zalando.de,904,1028,2017-11-29T19:05:12Z,3,2.33.506120 (e3e53437346286c0bc2d2dc9aa4915ba81d9023f)
39,https://www.zalando.de/tamaris-snowbootwinterstiefel-graphite-ta111y02o-c11.html,zalando.de,743,1064,2017-11-29T19:05:43Z,3,2.33.506120 (e3e53437346286c0bc2d2dc9aa4915ba81d9023f)
40,https://www.zalando.de/tamaris-snowbootwinterstiefel-graphite-ta111y02o-c11.html,zalando.de,759,819,2017-11-29T19:06:15Z,3,2.33.506120 (e3e53437346286c0bc2d2dc9aa4915ba81d9023f)
41,https://www.zalando.de/tamaris-snowbootwinterstiefel-graphite-ta111y02o-c11.html,zalando.de,770,784,2017-11-29T19:06:49Z,3,2.33.506120 (e3e53437346286c0bc2d2dc9aa4915ba81d9023f)
42,https://www.zalando.de/tamaris-snowbootwinterstiefel-graphite-ta111y02o-c11.html,zalando.de,847,851,2017-11-29T19:07:22Z,3,2.33.506120 (e3e53437346286c0bc2d2dc9aa4915ba81d9023f)
43,https://www.zalando.de/tamaris-snowbootwinterstiefel-graphite-ta111y02o-c11.html,zalando.de,937,995,2017-11-29T19:07:55Z,3,2.33.506120 (e3e53437346286c0bc2d2dc9aa4915ba81d9023f)
44,https://www.zalando.de/tamaris-snowbootwinterstiefel-graphite-ta111y02o-c11.html,zalando.de,846,1012,2017-11-29T19:08:26Z,3,2.33.506120 (e3e53437346286c0bc2d2dc9aa4915ba81d9023f)
45,https://www.zalando.de/tamaris-snowbootwinterstiefel-graphite-ta111y02o-c11.html,zalando.de,874,1083,2017-11-29T19:08:57Z,3,2.33.506120 (e3e53437346286c0bc2d2dc9aa4915ba81d9023f)
46,https://www.zalando.de/tamaris-snowbootwinterstiefel-graphite-ta111y02o-c11.html,zalando.de,860,1042,2017-11-29T19:09:28Z,3,2.33.506120 (e3e53437346286c0bc2d2dc9aa4915ba81d9023f)
47,https://www.zalando.de/tamaris-snowbootwinterstiefel-graphite-ta111y02o-c11.html,zalando.de,771,826,2017-11-29T19:10:01Z,3,2.33.506120 (e3e53437346286c0bc2d2dc9aa4915ba81d9023f)
48,https://www.zalando.de/tamaris-snowbootwinterstiefel-graphite-ta111y02o-c11.html,zalando.de,837,881,2017-11-29T19:10:30Z,3,2.33.506120 (e3e53437346286c0bc2d2dc9aa4915ba81d9023f)
49,https://www.zalando.de/tamaris-snowbootwinterstiefel-graphite-ta111y02o-c11.html,zalando.de,874,1245,2017-11-29T19:11:02Z,3,2.33.506120 (e3e53437346286c0bc2d2dc9aa4915ba81d9023f)
50,https://www.zalando.de/tamaris-snowbootwinterstiefel-graphite-ta111y02o-c11.html,zalando.de,847,976,2017-11-29T19:11:34Z,3,2.33.506120 (e3e53437346286c0bc2d2dc9aa4915ba81d9023f)
1,https://www.google.de/search?q=Testsuche,google.com,623,608,2017-11-29T19:12:21Z,4,2.33.506120 (e3e53437346286c0bc2d2dc9aa4915ba81d9023f)
2,https://www.google.de/search?q=Testsuche,google.com,689,666,2017-11-29T19:12:49Z,4,2.33.506120 (e3e53437346286c0bc2d2dc9aa4915ba81d9023f)
3,https://www.google.de/search?q=Testsuche,google.com,521,508,2017-11-29T19:13:16Z,4,2.33.506120 (e3e53437346286c0bc2d2dc9aa4915ba81d9023f)
4,https://www.google.de/search?q=Testsuche,google.com,721,708,2017-11-29T19:13:42Z,4,2.33.506120 (e3e53437346286c0bc2d2dc9aa4915ba81d9023f)
5,https://www.google.de/search?q=Testsuche,google.com,442,416,2017-11-29T19:14:09Z,4,2.33.506120 (e3e53437346286c0bc2d2dc9aa4915ba81d9023f)
6,https://www.google.de/search?q=Testsuche,google.com,521,508,2017-11-29T19:14:36Z,4,2.33.506120 (e3e53437346286c0bc2d2dc9aa4915ba81d9023f)
7,https://www.google.de/search?q=Testsuche,google.com,489,466,2017-11-29T19:15:02Z,4,2.33.506120 (e3e53437346286c0bc2d2dc9aa4915ba81d9023f)
8,https://www.google.de/search?q=Testsuche,google.com,642,616,2017-11-29T19:15:28Z,4,2.33.506120 (e3e53437346286c0bc2d2dc9aa4915ba81d9023f)
9,https://www.google.de/search?q=Testsuche,google.com,441,416,2017-11-29T19:15:55Z,4,2.33.506120 (e3e53437346286c0bc2d2dc9aa4915ba81d9023f)
10,https://www.google.de/search?q=Testsuche,google.com,589,566,2017-11-29T19:16:22Z,4,2.33.506120 (e3e53437346286c0bc2d2dc9aa4915ba81d9023f)
11,https://www.google.de/search?q=Testsuche,google.com,491,466,2017-11-29T19:16:48Z,4,2.33.506120 (e3e53437346286c0bc2d2dc9aa4915ba81d9023f)
12,https://www.google.de/search?q=Testsuche,google.com,489,466,2017-11-29T19:17:15Z,4,2.33.506120 (e3e53437346286c0bc2d2dc9aa4915ba81d9023f)
13,https://www.google.de/search?q=Testsuche,google.com,491,466,2017-11-29T19:17:40Z,4,2.33.506120 (e3e53437346286c0bc2d2dc9aa4915ba81d9023f)
14,https://www.google.de/search?q=Testsuche,google.com,489,466,2017-11-29T19:18:07Z,4,2.33.506120 (e3e53437346286c0bc2d2dc9aa4915ba81d9023f)
15,https://www.google.de/search?q=Testsuche,google.com,491,466,2017-11-29T19:18:33Z,4,2.33.506120 (e3e53437346286c0bc2d2dc9aa4915ba81d9023f)
16,https://www.google.de/search?q=Testsuche,google.com,453,450,2017-11-29T19:19:00Z,4,2.33.506120 (e3e53437346286c0bc2d2dc9aa4915ba81d9023f)
17,https://www.google.de/search?q=Testsuche,google.com,502,500,2017-11-29T19:19:27Z,4,2.33.506120 (e3e53437346286c0bc2d2dc9aa4915ba81d9023f)
18,https://www.google.de/search?q=Testsuche,google.com,590,566,2017-11-29T19:19:53Z,4,2.33.506120 (e3e53437346286c0bc2d2dc9aa4915ba81d9023f)
19,https://www.google.de/search?q=Testsuche,google.com,521,508,2017-11-29T19:20:19Z,4,2.33.506120 (e3e53437346286c0bc2d2dc9aa4915ba81d9023f)
20,https://www.google.de/search?q=Testsuche,google.com,491,466,2017-11-29T19:20:45Z,4,2.33.506120 (e3e53437346286c0bc2d2dc9aa4915ba81d9023f)
21,https://www.google.de/search?q=Testsuche,google.com,541,516,2017-11-29T19:21:12Z,4,2.33.506120 (e3e53437346286c0bc2d2dc9aa4915ba81d9023f)
22,https://www.google.de/search?q=Testsuche,google.com,590,566,2017-11-29T19:21:38Z,4,2.33.506120 (e3e53437346286c0bc2d2dc9aa4915ba81d9023f)
23,https://www.google.de/search?q=Testsuche,google.com,589,566,2017-11-29T19:22:04Z,4,2.33.506120 (e3e53437346286c0bc2d2dc9aa4915ba81d9023f)
24,https://www.google.de/search?q=Testsuche,google.com,489,466,2017-11-29T19:22:30Z,4,2.33.506120 (e3e53437346286c0bc2d2dc9aa4915ba81d9023f)
25,https://www.google.de/search?q=Testsuche,google.com,571,558,2017-11-29T19:22:56Z,4,2.33.506120 (e3e53437346286c0bc2d2dc9aa4915ba81d9023f)
26,https://www.google.de/search?q=Testsuche,google.com,441,416,2017-11-29T19:23:22Z,4,2.33.506120 (e3e53437346286c0bc2d2dc9aa4915ba81d9023f)
27,https://www.google.de/search?q=Testsuche,google.com,491,466,2017-11-29T19:23:48Z,4,2.33.506120 (e3e53437346286c0bc2d2dc9aa4915ba81d9023f)
28,https://www.google.de/search?q=Testsuche,google.com,550,550,2017-11-29T19:24:14Z,4,2.33.506120 (e3e53437346286c0bc2d2dc9aa4915ba81d9023f)
29,https://www.google.de/search?q=Testsuche,google.com,489,466,2017-11-29T19:24:39Z,4,2.33.506120 (e3e53437346286c0bc2d2dc9aa4915ba81d9023f)
30,https://www.google.de/search?q=Testsuche,google.com,489,466,2017-11-29T19:25:05Z,4,2.33.506120 (e3e53437346286c0bc2d2dc9aa4915ba81d9023f)
31,https://www.google.de/search?q=Testsuche,google.com,489,466,2017-11-29T19:25:31Z,4,2.33.506120 (e3e53437346286c0bc2d2dc9aa4915ba81d9023f)
32,https://www.google.de/search?q=Testsuche,google.com,490,466,2017-11-29T19:25:56Z,4,2.33.506120 (e3e53437346286c0bc2d2dc9aa4915ba81d9023f)
33,https://www.google.de/search?q=Testsuche,google.com,489,466,2017-11-29T19:26:23Z,4,2.33.506120 (e3e53437346286c0bc2d2dc9aa4915ba81d9023f)
34,https://www.google.de/search?q=Testsuche,google.com,502,500,2017-11-29T19:26:49Z,4,2.33.506120 (e3e53437346286c0bc2d2dc9aa4915ba81d9023f)
35,https://www.google.de/search?q=Testsuche,google.com,550,550,2017-11-29T19:27:15Z,4,2.33.506120 (e3e53437346286c0bc2d2dc9aa4915ba81d9023f)
36,https://www.google.de/search?q=Testsuche,google.com,489,466,2017-11-29T19:27:40Z,4,2.33.506120 (e3e53437346286c0bc2d2dc9aa4915ba81d9023f)
37,https://www.google.de/search?q=Testsuche,google.com,473,458,2017-11-29T19:28:06Z,4,2.33.506120 (e3e53437346286c0bc2d2dc9aa4915ba81d9023f)
38,https://www.google.de/search?q=Testsuche,google.com,491,466,2017-11-29T19:28:33Z,4,2.33.506120 (e3e53437346286c0bc2d2dc9aa4915ba81d9023f)
39,https://www.google.de/search?q=Testsuche,google.com,689,666,2017-11-29T19:29:00Z,4,2.33.506120 (e3e53437346286c0bc2d2dc9aa4915ba81d9023f)
40,https://www.google.de/search?q=Testsuche,google.com,472,458,2017-11-29T19:29:26Z,4,2.33.506120 (e3e53437346286c0bc2d2dc9aa4915ba81d9023f)
41,https://www.google.de/search?q=Testsuche,google.com,489,466,2017-11-29T19:29:52Z,4,2.33.506120 (e3e53437346286c0bc2d2dc9aa4915ba81d9023f)
42,https://www.google.de/search?q=Testsuche,google.com,550,550,2017-11-29T19:30:18Z,4,2.33.506120 (e3e53437346286c0bc2d2dc9aa4915ba81d9023f)
43,https://www.google.de/search?q=Testsuche,google.com,504,500,2017-11-29T19:30:43Z,4,2.33.506120 (e3e53437346286c0bc2d2dc9aa4915ba81d9023f)
44,https://www.google.de/search?q=Testsuche,google.com,444,416,2017-11-29T19:31:10Z,4,2.33.506120 (e3e53437346286c0bc2d2dc9aa4915ba81d9023f)
45,https://www.google.de/search?q=Testsuche,google.com,571,558,2017-11-29T19:31:37Z,4,2.33.506120 (e3e53437346286c0bc2d2dc9aa4915ba81d9023f)
46,https://www.google.de/search?q=Testsuche,google.com,521,508,2017-11-29T19:32:03Z,4,2.33.506120 (e3e53437346286c0bc2d2dc9aa4915ba81d9023f)
47,https://www.google.de/search?q=Testsuche,google.com,522,508,2017-11-29T19:32:30Z,4,2.33.506120 (e3e53437346286c0bc2d2dc9aa4915ba81d9023f)
48,https://www.google.de/search?q=Testsuche,google.com,422,408,2017-11-29T19:32:57Z,4,2.33.506120 (e3e53437346286c0bc2d2dc9aa4915ba81d9023f)
49,https://www.google.de/search?q=Testsuche,google.com,490,466,2017-11-29T19:33:24Z,4,2.33.506120 (e3e53437346286c0bc2d2dc9aa4915ba81d9023f)
50,https://www.google.de/search?q=Testsuche,google.com,521,508,2017-11-29T19:33:51Z,4,2.33.506120 (e3e53437346286c0bc2d2dc9aa4915ba81d9023f)
1,https://de.search.yahoo.com/search?p=Testsuche,yahoo.com,742,676,2017-11-29T19:34:29Z,4,2.33.506120 (e3e53437346286c0bc2d2dc9aa4915ba81d9023f)
2,https://de.search.yahoo.com/search?p=Testsuche,yahoo.com,631,429,2017-11-29T19:34:55Z,4,2.33.506120 (e3e53437346286c0bc2d2dc9aa4915ba81d9023f)
3,https://de.search.yahoo.com/search?p=Testsuche,yahoo.com,556,443,2017-11-29T19:35:22Z,4,2.33.506120 (e3e53437346286c0bc2d2dc9aa4915ba81d9023f)
4,https://de.search.yahoo.com/search?p=Testsuche,yahoo.com,618,461,2017-11-29T19:35:49Z,4,2.33.506120 (e3e53437346286c0bc2d2dc9aa4915ba81d9023f)
5,https://de.search.yahoo.com/search?p=Testsuche,yahoo.com,640,502,2017-11-29T19:36:15Z,4,2.33.506120 (e3e53437346286c0bc2d2dc9aa4915ba81d9023f)
6,https://de.search.yahoo.com/search?p=Testsuche,yahoo.com,536,402,2017-11-29T19:36:41Z,4,2.33.506120 (e3e53437346286c0bc2d2dc9aa4915ba81d9023f)
7,https://de.search.yahoo.com/search?p=Testsuche,yahoo.com,639,502,2017-11-29T19:37:08Z,4,2.33.506120 (e3e53437346286c0bc2d2dc9aa4915ba81d9023f)
8,https://de.search.yahoo.com/search?p=Testsuche,yahoo.com,450,450,2017-11-29T19:37:34Z,4,2.33.506120 (e3e53437346286c0bc2d2dc9aa4915ba81d9023f)
9,https://de.search.yahoo.com/search?p=Testsuche,yahoo.com,639,502,2017-11-29T19:37:59Z,4,2.33.506120 (e3e53437346286c0bc2d2dc9aa4915ba81d9023f)
10,https://de.search.yahoo.com/search?p=Testsuche,yahoo.com,639,499,2017-11-29T19:38:25Z,4,2.33.506120 (e3e53437346286c0bc2d2dc9aa4915ba81d9023f)
11,https://de.search.yahoo.com/search?p=Testsuche,yahoo.com,713,487,2017-11-29T19:38:51Z,4,2.33.506120 (e3e53437346286c0bc2d2dc9aa4915ba81d9023f)
12,https://de.search.yahoo.com/search?p=Testsuche,yahoo.com,790,726,2017-11-29T19:39:18Z,4,2.33.506120 (e3e53437346286c0bc2d2dc9aa4915ba81d9023f)
13,https://de.search.yahoo.com/search?p=Testsuche,yahoo.com,716,535,2017-11-29T19:39:44Z,4,2.33.506120 (e3e53437346286c0bc2d2dc9aa4915ba81d9023f)
14,https://de.search.yahoo.com/search?p=Testsuche,yahoo.com,732,528,2017-11-29T19:40:11Z,4,2.33.506120 (e3e53437346286c0bc2d2dc9aa4915ba81d9023f)
15,https://de.search.yahoo.com/search?p=Testsuche,yahoo.com,529,435,2017-11-29T19:40:38Z,4,2.33.506120 (e3e53437346286c0bc2d2dc9aa4915ba81d9023f)
16,https://de.search.yahoo.com/search?p=Testsuche,yahoo.com,639,502,2017-11-29T19:41:04Z,4,2.33.506120 (e3e53437346286c0bc2d2dc9aa4915ba81d9023f)
17,https://de.search.yahoo.com/search?p=Testsuche,yahoo.com,646,464,2017-11-29T19:41:30Z,4,2.33.506120 (e3e53437346286c0bc2d2dc9aa4915ba81d9023f)
18,https://de.search.yahoo.com/search?p=Testsuche,yahoo.com,559,479,2017-11-29T19:41:56Z,4,2.33.506120 (e3e53437346286c0bc2d2dc9aa4915ba81d9023f)
19,https://de.search.yahoo.com/search?p=Testsuche,yahoo.com,527,434,2017-11-29T19:42:23Z,4,2.33.506120 (e3e53437346286c0bc2d2dc9aa4915ba81d9023f)
20,https://de.search.yahoo.com/search?p=Testsuche,yahoo.com,664,523,2017-11-29T19:42:49Z,4,2.33.506120 (e3e53437346286c0bc2d2dc9aa4915ba81d9023f)
21,https://de.search.yahoo.com/search?p=Testsuche,yahoo.com,546,476,2017-11-29T19:43:15Z,4,2.33.506120 (e3e53437346286c0bc2d2dc9aa4915ba81d9023f)
22,https://de.search.yahoo.com/search?p=Testsuche,yahoo.com,576,484,2017-11-29T19:43:41Z,4,2.33.506120 (e3e53437346286c0bc2d2dc9aa4915ba81d9023f)
23,https://de.search.yahoo.com/search?p=Testsuche,yahoo.com,639,502,2017-11-29T19:44:07Z,4,2.33.506120 (e3e53437346286c0bc2d2dc9aa4915ba81d9023f)
24,https://de.search.yahoo.com/search?p=Testsuche,yahoo.com,619,497,2017-11-29T19:44:33Z,4,2.33.506120 (e3e53437346286c0bc2d2dc9aa4915ba81d9023f)
25,https://de.search.yahoo.com/search?p=Testsuche,yahoo.com,576,484,2017-11-29T19:44:59Z,4,2.33.506120 (e3e53437346286c0bc2d2dc9aa4915ba81d9023f)
26,https://de.search.yahoo.com/search?p=Testsuche,yahoo.com,670,510,2017-11-29T19:45:25Z,4,2.33.506120 (e3e53437346286c0bc2d2dc9aa4915ba81d9023f)
27,https://de.search.yahoo.com/search?p=Testsuche,yahoo.com,592,452,2017-11-29T19:45:51Z,4,2.33.506120 (e3e53437346286c0bc2d2dc9aa4915ba81d9023f)
28,https://de.search.yahoo.com/search?p=Testsuche,yahoo.com,0,0,2017-11-29T19:46:18Z,4,2.33.506120 (e3e53437346286c0bc2d2dc9aa4915ba81d9023f)
29,https://de.search.yahoo.com/search?p=Testsuche,yahoo.com,771,539,2017-11-29T19:46:42Z,4,2.33.506120 (e3e53437346286c0bc2d2dc9aa4915ba81d9023f)
30,https://de.search.yahoo.com/search?p=Testsuche,yahoo.com,572,482,2017-11-29T19:47:09Z,4,2.33.506120 (e3e53437346286c0bc2d2dc9aa4915ba81d9023f)
31,https://de.search.yahoo.com/search?p=Testsuche,yahoo.com,542,404,2017-11-29T19:47:35Z,4,2.33.506120 (e3e53437346286c0bc2d2dc9aa4915ba81d9023f)
32,https://de.search.yahoo.com/search?p=Testsuche,yahoo.com,645,504,2017-11-29T19:48:02Z,4,2.33.506120 (e3e53437346286c0bc2d2dc9aa4915ba81d9023f)
33,https://de.search.yahoo.com/search?p=Testsuche,yahoo.com,576,484,2017-11-29T19:48:29Z,4,2.33.506120 (e3e53437346286c0bc2d2dc9aa4915ba81d9023f)
34,https://de.search.yahoo.com/search?p=Testsuche,yahoo.com,590,452,2017-11-29T19:48:54Z,4,2.33.506120 (e3e53437346286c0bc2d2dc9aa4915ba81d9023f)
35,https://de.search.yahoo.com/search?p=Testsuche,yahoo.com,621,497,2017-11-29T19:49:21Z,4,2.33.506120 (e3e53437346286c0bc2d2dc9aa4915ba81d9023f)
36,https://de.search.yahoo.com/search?p=Testsuche,yahoo.com,576,484,2017-11-29T19:49:47Z,4,2.33.506120 (e3e53437346286c0bc2d2dc9aa4915ba81d9023f)
37,https://de.search.yahoo.com/search?p=Testsuche,yahoo.com,850,850,2017-11-29T19:50:13Z,4,2.33.506120 (e3e53437346286c0bc2d2dc9aa4915ba81d9023f)
38,https://de.search.yahoo.com/search?p=Testsuche,yahoo.com,573,411,2017-11-29T19:50:38Z,4,2.33.506120 (e3e53437346286c0bc2d2dc9aa4915ba81d9023f)
39,https://de.search.yahoo.com/search?p=Testsuche,yahoo.com,0,0,2017-11-29T19:51:05Z,4,2.33.506120 (e3e53437346286c0bc2d2dc9aa4915ba81d9023f)
40,https://de.search.yahoo.com/search?p=Testsuche,yahoo.com,547,476,2017-11-29T19:51:29Z,4,2.33.506120 (e3e53437346286c0bc2d2dc9aa4915ba81d9023f)
41,https://de.search.yahoo.com/search?p=Testsuche,yahoo.com,694,513,2017-11-29T19:51:56Z,4,2.33.506120 (e3e53437346286c0bc2d2dc9aa4915ba81d9023f)
42,https://de.search.yahoo.com/search?p=Testsuche,yahoo.com,576,484,2017-11-29T19:52:22Z,4,2.33.506120 (e3e53437346286c0bc2d2dc9aa4915ba81d9023f)
43,https://de.search.yahoo.com/search?p=Testsuche,yahoo.com,544,476,2017-11-29T19:52:48Z,4,2.33.506120 (e3e53437346286c0bc2d2dc9aa4915ba81d9023f)
44,https://de.search.yahoo.com/search?p=Testsuche,yahoo.com,535,402,2017-11-29T19:53:14Z,4,2.33.506120 (e3e53437346286c0bc2d2dc9aa4915ba81d9023f)
45,https://de.search.yahoo.com/search?p=Testsuche,yahoo.com,609,493,2017-11-29T19:53:40Z,4,2.33.506120 (e3e53437346286c0bc2d2dc9aa4915ba81d9023f)
46,https://de.search.yahoo.com/search?p=Testsuche,yahoo.com,611,455,2017-11-29T19:54:06Z,4,2.33.506120 (e3e53437346286c0bc2d2dc9aa4915ba81d9023f)
47,https://de.search.yahoo.com/search?p=Testsuche,yahoo.com,659,515,2017-11-29T19:54:33Z,4,2.33.506120 (e3e53437346286c0bc2d2dc9aa4915ba81d9023f)
48,https://de.search.yahoo.com/search?p=Testsuche,yahoo.com,557,479,2017-11-29T19:55:00Z,4,2.33.506120 (e3e53437346286c0bc2d2dc9aa4915ba81d9023f)
49,https://de.search.yahoo.com/search?p=Testsuche,yahoo.com,538,475,2017-11-29T19:55:26Z,4,2.33.506120 (e3e53437346286c0bc2d2dc9aa4915ba81d9023f)
50,https://de.search.yahoo.com/search?p=Testsuche,yahoo.com,635,448,2017-11-29T19:55:53Z,4,2.33.506120 (e3e53437346286c0bc2d2dc9aa4915ba81d9023f)
1,https://www.computerbase.de/forum/showthread.php?t=2721,forumbase.de,431,424,2017-11-29T19:56:31Z,5,2.33.506120 (e3e53437346286c0bc2d2dc9aa4915ba81d9023f)
2,https://www.computerbase.de/forum/showthread.php?t=2721,forumbase.de,406,394,2017-11-29T19:57:00Z,5,2.33.506120 (e3e53437346286c0bc2d2dc9aa4915ba81d9023f)
3,https://www.computerbase.de/forum/showthread.php?t=2721,forumbase.de,430,424,2017-11-29T19:57:28Z,5,2.33.506120 (e3e53437346286c0bc2d2dc9aa4915ba81d9023f)
4,https://www.computerbase.de/forum/showthread.php?t=2721,forumbase.de,430,424,2017-11-29T19:57:56Z,5,2.33.506120 (e3e53437346286c0bc2d2dc9aa4915ba81d9023f)
5,https://www.computerbase.de/forum/showthread.php?t=2721,forumbase.de,430,419,2017-11-29T19:58:23Z,5,2.33.506120 (e3e53437346286c0bc2d2dc9aa4915ba81d9023f)
6,https://www.computerbase.de/forum/showthread.php?t=2721,forumbase.de,429,424,2017-11-29T19:58:51Z,5,2.33.506120 (e3e53437346286c0bc2d2dc9aa4915ba81d9023f)
7,https://www.computerbase.de/forum/showthread.php?t=2721,forumbase.de,430,428,2017-11-29T19:59:18Z,5,2.33.506120 (e3e53437346286c0bc2d2dc9aa4915ba81d9023f)
8,https://www.computerbase.de/forum/showthread.php?t=2721,forumbase.de,405,394,2017-11-29T19:59:46Z,5,2.33.506120 (e3e53437346286c0bc2d2dc9aa4915ba81d9023f)
9,https://www.computerbase.de/forum/showthread.php?t=2721,forumbase.de,430,419,2017-11-29T20:00:13Z,5,2.33.506120 (e3e53437346286c0bc2d2dc9aa4915ba81d9023f)
10,https://www.computerbase.de/forum/showthread.php?t=2721,forumbase.de,425,419,2017-11-29T20:00:40Z,5,2.33.506120 (e3e53437346286c0bc2d2dc9aa4915ba81d9023f)
11,https://www.computerbase.de/forum/showthread.php?t=2721,forumbase.de,430,419,2017-11-29T20:01:07Z,5,2.33.506120 (e3e53437346286c0bc2d2dc9aa4915ba81d9023f)
12,https://www.computerbase.de/forum/showthread.php?t=2721,forumbase.de,404,394,2017-11-29T20:01:34Z,5,2.33.506120 (e3e53437346286c0bc2d2dc9aa4915ba81d9023f)
13,https://www.computerbase.de/forum/showthread.php?t=2721,forumbase.de,430,424,2017-11-29T20:02:02Z,5,2.33.506120 (e3e53437346286c0bc2d2dc9aa4915ba81d9023f)
14,https://www.computerbase.de/forum/showthread.php?t=2721,forumbase.de,430,424,2017-11-29T20:02:30Z,5,2.33.506120 (e3e53437346286c0bc2d2dc9aa4915ba81d9023f)
15,https://www.computerbase.de/forum/showthread.php?t=2721,forumbase.de,430,424,2017-11-29T20:02:57Z,5,2.33.506120 (e3e53437346286c0bc2d2dc9aa4915ba81d9023f)
16,https://www.computerbase.de/forum/showthread.php?t=2721,forumbase.de,430,424,2017-11-29T20:03:25Z,5,2.33.506120 (e3e53437346286c0bc2d2dc9aa4915ba81d9023f)
17,https://www.computerbase.de/forum/showthread.php?t=2721,forumbase.de,430,424,2017-11-29T20:03:53Z,5,2.33.506120 (e3e53437346286c0bc2d2dc9aa4915ba81d9023f)
18,https://www.computerbase.de/forum/showthread.php?t=2721,forumbase.de,430,424,2017-11-29T20:04:21Z,5,2.33.506120 (e3e53437346286c0bc2d2dc9aa4915ba81d9023f)
19,https://www.computerbase.de/forum/showthread.php?t=2721,forumbase.de,431,424,2017-11-29T20:04:48Z,5,2.33.506120 (e3e53437346286c0bc2d2dc9aa4915ba81d9023f)
20,https://www.computerbase.de/forum/showthread.php?t=2721,forumbase.de,405,394,2017-11-29T20:05:16Z,5,2.33.506120 (e3e53437346286c0bc2d2dc9aa4915ba81d9023f)
21,https://www.computerbase.de/forum/showthread.php?t=2721,forumbase.de,454,439,2017-11-29T20:05:44Z,5,2.33.506120 (e3e53437346286c0bc2d2dc9aa4915ba81d9023f)
22,https://www.computerbase.de/forum/showthread.php?t=2721,forumbase.de,482,474,2017-11-29T20:06:11Z,5,2.33.506120 (e3e53437346286c0bc2d2dc9aa4915ba81d9023f)
23,https://www.computerbase.de/forum/showthread.php?t=2721,forumbase.de,430,424,2017-11-29T20:06:39Z,5,2.33.506120 (e3e53437346286c0bc2d2dc9aa4915ba81d9023f)
24,https://www.computerbase.de/forum/showthread.php?t=2721,forumbase.de,405,394,2017-11-29T20:07:07Z,5,2.33.506120 (e3e53437346286c0bc2d2dc9aa4915ba81d9023f)
25,https://www.computerbase.de/forum/showthread.php?t=2721,forumbase.de,555,552,2017-11-29T20:07:35Z,5,2.33.506120 (e3e53437346286c0bc2d2dc9aa4915ba81d9023f)
26,https://www.computerbase.de/forum/showthread.php?t=2721,forumbase.de,436,427,2017-11-29T20:08:02Z,5,2.33.506120 (e3e53437346286c0bc2d2dc9aa4915ba81d9023f)
27,https://www.computerbase.de/forum/showthread.php?t=2721,forumbase.de,430,424,2017-11-29T20:08:30Z,5,2.33.506120 (e3e53437346286c0bc2d2dc9aa4915ba81d9023f)
28,https://www.computerbase.de/forum/showthread.php?t=2721,forumbase.de,555,550,2017-11-29T20:08:58Z,5,2.33.506120 (e3e53437346286c0bc2d2dc9aa4915ba81d9023f)
29,https://www.computerbase.de/forum/showthread.php?t=2721,forumbase.de,430,424,2017-11-29T20:09:26Z,5,2.33.506120 (e3e53437346286c0bc2d2dc9aa4915ba81d9023f)
30,https://www.computerbase.de/forum/showthread.php?t=2721,forumbase.de,430,419,2017-11-29T20:09:54Z,5,2.33.506120 (e3e53437346286c0bc2d2dc9aa4915ba81d9023f)
31,https://www.computerbase.de/forum/showthread.php?t=2721,forumbase.de,430,419,2017-11-29T20:10:21Z,5,2.33.506120 (e3e53437346286c0bc2d2dc9aa4915ba81d9023f)
32,https://www.computerbase.de/forum/showthread.php?t=2721,forumbase.de,456,457,2017-11-29T20:10:49Z,5,2.33.506120 (e3e53437346286c0bc2d2dc9aa4915ba81d9023f)
33,https://www.computerbase.de/forum/showthread.php?t=2721,forumbase.de,432,428,2017-11-29T20:11:16Z,5,2.33.506120 (e3e53437346286c0bc2d2dc9aa4915ba81d9023f)
34,https://www.computerbase.de/forum/showthread.php?t=2721,forumbase.de,430,428,2017-11-29T20:11:44Z,5,2.33.506120 (e3e53437346286c0bc2d2dc9aa4915ba81d9023f)
35,https://www.computerbase.de/forum/showthread.php?t=2721,forumbase.de,405,398,2017-11-29T20:12:11Z,5,2.33.506120 (e3e53437346286c0bc2d2dc9aa4915ba81d9023f)
36,https://www.computerbase.de/forum/showthread.php?t=2721,forumbase.de,430,424,2017-11-29T20:12:38Z,5,2.33.506120 (e3e53437346286c0bc2d2dc9aa4915ba81d9023f)
37,https://www.computerbase.de/forum/showthread.php?t=2721,forumbase.de,430,419,2017-11-29T20:13:06Z,5,2.33.506120 (e3e53437346286c0bc2d2dc9aa4915ba81d9023f)
38,https://www.computerbase.de/forum/showthread.php?t=2721,forumbase.de,430,419,2017-11-29T20:13:33Z,5,2.33.506120 (e3e53437346286c0bc2d2dc9aa4915ba81d9023f)
39,https://www.computerbase.de/forum/showthread.php?t=2721,forumbase.de,432,424,2017-11-29T20:14:00Z,5,2.33.506120 (e3e53437346286c0bc2d2dc9aa4915ba81d9023f)
40,https://www.computerbase.de/forum/showthread.php?t=2721,forumbase.de,407,393,2017-11-29T20:14:28Z,5,2.33.506120 (e3e53437346286c0bc2d2dc9aa4915ba81d9023f)
41,https://www.computerbase.de/forum/showthread.php?t=2721,forumbase.de,432,424,2017-11-29T20:14:57Z,5,2.33.506120 (e3e53437346286c0bc2d2dc9aa4915ba81d9023f)
42,https://www.computerbase.de/forum/showthread.php?t=2721,forumbase.de,405,393,2017-11-29T20:15:25Z,5,2.33.506120 (e3e53437346286c0bc2d2dc9aa4915ba81d9023f)
43,https://www.computerbase.de/forum/showthread.php?t=2721,forumbase.de,431,424,2017-11-29T20:15:53Z,5,2.33.506120 (e3e53437346286c0bc2d2dc9aa4915ba81d9023f)
44,https://www.computerbase.de/forum/showthread.php?t=2721,forumbase.de,430,424,2017-11-29T20:16:21Z,5,2.33.506120 (e3e53437346286c0bc2d2dc9aa4915ba81d9023f)
45,https://www.computerbase.de/forum/showthread.php?t=2721,forumbase.de,430,424,2017-11-29T20:16:49Z,5,2.33.506120 (e3e53437346286c0bc2d2dc9aa4915ba81d9023f)
46,https://www.computerbase.de/forum/showthread.php?t=2721,forumbase.de,429,424,2017-11-29T20:17:17Z,5,2.33.506120 (e3e53437346286c0bc2d2dc9aa4915ba81d9023f)
47,https://www.computerbase.de/forum/showthread.php?t=2721,forumbase.de,430,428,2017-11-29T20:17:44Z,5,2.33.506120 (e3e53437346286c0bc2d2dc9aa4915ba81d9023f)
48,https://www.computerbase.de/forum/showthread.php?t=2721,forumbase.de,430,424,2017-11-29T20:18:12Z,5,2.33.506120 (e3e53437346286c0bc2d2dc9aa4915ba81d9023f)
49,https://www.computerbase.de/forum/showthread.php?t=2721,forumbase.de,431,424,2017-11-29T20:18:39Z,5,2.33.506120 (e3e53437346286c0bc2d2dc9aa4915ba81d9023f)
50,https://www.computerbase.de/forum/showthread.php?t=2721,forumbase.de,432,424,2017-11-29T20:19:08Z,5,2.33.506120 (e3e53437346286c0bc2d2dc9aa4915ba81d9023f)
1,https://eu.battle.net/forums/de/wow/topic/13124237446,eu.battle.net,2969,2935,2017-11-29T20:19:47Z,5,2.33.506120 (e3e53437346286c0bc2d2dc9aa4915ba81d9023f)
2,https://eu.battle.net/forums/de/wow/topic/13124237446,eu.battle.net,943,877,2017-11-29T20:20:32Z,5,2.33.506120 (e3e53437346286c0bc2d2dc9aa4915ba81d9023f)
3,https://eu.battle.net/forums/de/wow/topic/13124237446,eu.battle.net,833,771,2017-11-29T20:21:31Z,5,2.33.506120 (e3e53437346286c0bc2d2dc9aa4915ba81d9023f)
4,https://eu.battle.net/forums/de/wow/topic/13124237446,eu.battle.net,966,910,2017-11-29T20:22:20Z,5,2.33.506120 (e3e53437346286c0bc2d2dc9aa4915ba81d9023f)
5,https://eu.battle.net/forums/de/wow/topic/13124237446,eu.battle.net,917,877,2017-11-29T20:23:08Z,5,2.33.506120 (e3e53437346286c0bc2d2dc9aa4915ba81d9023f)
6,https://eu.battle.net/forums/de/wow/topic/13124237446,eu.battle.net,934,874,2017-11-29T20:23:57Z,5,2.33.506120 (e3e53437346286c0bc2d2dc9aa4915ba81d9023f)
7,https://eu.battle.net/forums/de/wow/topic/13124237446,eu.battle.net,996,942,2017-11-29T20:24:46Z,5,2.33.506120 (e3e53437346286c0bc2d2dc9aa4915ba81d9023f)
8,https://eu.battle.net/forums/de/wow/topic/13124237446,eu.battle.net,874,820,2017-11-29T20:25:46Z,5,2.33.506120 (e3e53437346286c0bc2d2dc9aa4915ba81d9023f)
9,https://eu.battle.net/forums/de/wow/topic/13124237446,eu.battle.net,831,876,2017-11-29T20:26:31Z,5,2.33.506120 (e3e53437346286c0bc2d2dc9aa4915ba81d9023f)
10,https://eu.battle.net/forums/de/wow/topic/13124237446,eu.battle.net,918,876,2017-11-29T20:27:23Z,5,2.33.506120 (e3e53437346286c0bc2d2dc9aa4915ba81d9023f)
11,https://eu.battle.net/forums/de/wow/topic/13124237446,eu.battle.net,945,898,2017-11-29T20:28:12Z,5,2.33.506120 (e3e53437346286c0bc2d2dc9aa4915ba81d9023f)
12,https://eu.battle.net/forums/de/wow/topic/13124237446,eu.battle.net,843,889,2017-11-29T20:29:02Z,5,2.33.506120 (e3e53437346286c0bc2d2dc9aa4915ba81d9023f)
13,https://eu.battle.net/forums/de/wow/topic/13124237446,eu.battle.net,1068,1021,2017-11-29T20:29:54Z,5,2.33.506120 (e3e53437346286c0bc2d2dc9aa4915ba81d9023f)
14,https://eu.battle.net/forums/de/wow/topic/13124237446,eu.battle.net,970,911,2017-11-29T20:30:45Z,5,2.33.506120 (e3e53437346286c0bc2d2dc9aa4915ba81d9023f)
15,https://eu.battle.net/forums/de/wow/topic/13124237446,eu.battle.net,848,823,2017-11-29T20:32:36Z,5,2.33.506120 (e3e53437346286c0bc2d2dc9aa4915ba81d9023f)
16,https://eu.battle.net/forums/de/wow/topic/13124237446,eu.battle.net,1107,1045,2017-11-29T20:33:21Z,5,2.33.506120 (e3e53437346286c0bc2d2dc9aa4915ba81d9023f)
17,https://eu.battle.net/forums/de/wow/topic/13124237446,eu.battle.net,1907,1835,2017-11-29T20:34:11Z,5,2.33.506120 (e3e53437346286c0bc2d2dc9aa4915ba81d9023f)
18,https://eu.battle.net/forums/de/wow/topic/13124237446,eu.battle.net,988,1015,2017-11-29T20:35:04Z,5,2.33.506120 (e3e53437346286c0bc2d2dc9aa4915ba81d9023f)
19,https://eu.battle.net/forums/de/wow/topic/13124237446,eu.battle.net,1003,947,2017-11-29T20:35:55Z,5,2.33.506120 (e3e53437346286c0bc2d2dc9aa4915ba81d9023f)
20,https://eu.battle.net/forums/de/wow/topic/13124237446,eu.battle.net,913,875,2017-11-29T20:36:47Z,5,2.33.506120 (e3e53437346286c0bc2d2dc9aa4915ba81d9023f)
21,https://eu.battle.net/forums/de/wow/topic/13124237446,eu.battle.net,2238,2173,2017-11-29T20:37:35Z,5,2.33.506120 (e3e53437346286c0bc2d2dc9aa4915ba81d9023f)
22,https://eu.battle.net/forums/de/wow/topic/13124237446,eu.battle.net,1019,956,2017-11-29T20:38:23Z,5,2.33.506120 (e3e53437346286c0bc2d2dc9aa4915ba81d9023f)
23,https://eu.battle.net/forums/de/wow/topic/13124237446,eu.battle.net,965,901,2017-11-29T20:39:15Z,5,2.33.506120 (e3e53437346286c0bc2d2dc9aa4915ba81d9023f)
24,https://eu.battle.net/forums/de/wow/topic/13124237446,eu.battle.net,1021,983,2017-11-29T20:40:14Z,5,2.33.506120 (e3e53437346286c0bc2d2dc9aa4915ba81d9023f)
25,https://eu.battle.net/forums/de/wow/topic/13124237446,eu.battle.net,886,825,2017-11-29T20:41:03Z,5,2.33.506120 (e3e53437346286c0bc2d2dc9aa4915ba81d9023f)
26,https://eu.battle.net/forums/de/wow/topic/13124237446,eu.battle.net,908,861,2017-11-29T20:41:51Z,5,2.33.506120 (e3e53437346286c0bc2d2dc9aa4915ba81d9023f)
27,https://eu.battle.net/forums/de/wow/topic/13124237446,eu.battle.net,918,873,2017-11-29T20:42:38Z,5,2.33.506120 (e3e53437346286c0bc2d2dc9aa4915ba81d9023f)
28,https://eu.battle.net/forums/de/wow/topic/13124237446,eu.battle.net,833,875,2017-11-29T20:43:27Z,5,2.33.506120 (e3e53437346286c0bc2d2dc9aa4915ba81d9023f)
29,https://eu.battle.net/forums/de/wow/topic/13124237446,eu.battle.net,883,851,2017-11-29T20:44:13Z,5,2.33.506120 (e3e53437346286c0bc2d2dc9aa4915ba81d9023f)
30,https://eu.battle.net/forums/de/wow/topic/13124237446,eu.battle.net,1892,1843,2017-11-29T20:44:59Z,5,2.33.506120 (e3e53437346286c0bc2d2dc9aa4915ba81d9023f)
31,https://eu.battle.net/forums/de/wow/topic/13124237446,eu.battle.net,844,900,2017-11-29T20:45:46Z,5,2.33.506120 (e3e53437346286c0bc2d2dc9aa4915ba81d9023f)
32,https://eu.battle.net/forums/de/wow/topic/13124237446,eu.battle.net,963,911,2017-11-29T20:46:32Z,5,2.33.506120 (e3e53437346286c0bc2d2dc9aa4915ba81d9023f)
33,https://eu.battle.net/forums/de/wow/topic/13124237446,eu.battle.net,896,834,2017-11-29T20:47:18Z,5,2.33.506120 (e3e53437346286c0bc2d2dc9aa4915ba81d9023f)
34,https://eu.battle.net/forums/de/wow/topic/13124237446,eu.battle.net,793,828,2017-11-29T20:48:03Z,5,2.33.506120 (e3e53437346286c0bc2d2dc9aa4915ba81d9023f)
35,https://eu.battle.net/forums/de/wow/topic/13124237446,eu.battle.net,860,824,2017-11-29T20:48:54Z,5,2.33.506120 (e3e53437346286c0bc2d2dc9aa4915ba81d9023f)
36,https://eu.battle.net/forums/de/wow/topic/13124237446,eu.battle.net,2273,2235,2017-11-29T20:49:44Z,5,2.33.506120 (e3e53437346286c0bc2d2dc9aa4915ba81d9023f)
37,https://eu.battle.net/forums/de/wow/topic/13124237446,eu.battle.net,944,986,2017-11-29T20:50:35Z,5,2.33.506120 (e3e53437346286c0bc2d2dc9aa4915ba81d9023f)
38,https://eu.battle.net/forums/de/wow/topic/13124237446,eu.battle.net,963,910,2017-11-29T20:51:21Z,5,2.33.506120 (e3e53437346286c0bc2d2dc9aa4915ba81d9023f)
39,https://eu.battle.net/forums/de/wow/topic/13124237446,eu.battle.net,917,879,2017-11-29T20:52:06Z,5,2.33.506120 (e3e53437346286c0bc2d2dc9aa4915ba81d9023f)
40,https://eu.battle.net/forums/de/wow/topic/13124237446,eu.battle.net,1013,971,2017-11-29T20:52:49Z,5,2.33.506120 (e3e53437346286c0bc2d2dc9aa4915ba81d9023f)
41,https://eu.battle.net/forums/de/wow/topic/13124237446,eu.battle.net,913,861,2017-11-29T20:53:37Z,5,2.33.506120 (e3e53437346286c0bc2d2dc9aa4915ba81d9023f)
42,https://eu.battle.net/forums/de/wow/topic/13124237446,eu.battle.net,849,875,2017-11-29T20:54:29Z,5,2.33.506120 (e3e53437346286c0bc2d2dc9aa4915ba81d9023f)
43,https://eu.battle.net/forums/de/wow/topic/13124237446,eu.battle.net,837,878,2017-11-29T20:55:23Z,5,2.33.506120 (e3e53437346286c0bc2d2dc9aa4915ba81d9023f)
44,https://eu.battle.net/forums/de/wow/topic/13124237446,eu.battle.net,929,884,2017-11-29T20:56:12Z,5,2.33.506120 (e3e53437346286c0bc2d2dc9aa4915ba81d9023f)
45,https://eu.battle.net/forums/de/wow/topic/13124237446,eu.battle.net,904,875,2017-11-29T20:57:02Z,5,2.33.506120 (e3e53437346286c0bc2d2dc9aa4915ba81d9023f)
46,https://eu.battle.net/forums/de/wow/topic/13124237446,eu.battle.net,740,790,2017-11-29T20:57:56Z,5,2.33.506120 (e3e53437346286c0bc2d2dc9aa4915ba81d9023f)
47,https://eu.battle.net/forums/de/wow/topic/13124237446,eu.battle.net,928,874,2017-11-29T20:58:45Z,5,2.33.506120 (e3e53437346286c0bc2d2dc9aa4915ba81d9023f)
48,https://eu.battle.net/forums/de/wow/topic/13124237446,eu.battle.net,874,810,2017-11-29T20:59:31Z,5,2.33.506120 (e3e53437346286c0bc2d2dc9aa4915ba81d9023f)
49,https://eu.battle.net/forums/de/wow/topic/13124237446,eu.battle.net,1889,1949,2017-11-29T21:00:18Z,5,2.33.506120 (e3e53437346286c0bc2d2dc9aa4915ba81d9023f)
50,https://eu.battle.net/forums/de/wow/topic/13124237446,eu.battle.net,2037,1997,2017-11-29T21:01:10Z,5,2.33.506120 (e3e53437346286c0bc2d2dc9aa4915ba81d9023f)
